,Date,Open,High,Low,Close,Adj Close,Volume,daily_return,Bollinger_Upper,Bollinger_Lower,RSI,MACD,Signal_Line,Earnings Estimate,Reported Earnings,Surprise,diff_macd_sinal_line
427,2022-09-14,132.539993,132.899994,129.130005,131.279999,131.199753,58850700,-0.0228459374433942,193.25005576913264,117.58394233086732,22.90895524813732,-10.875036604505254,-8.795254406160373,,,,-2.0797821983448816
428,2022-09-15,130.149994,132.330002,127.900002,129.289993,129.210968,52362500,-1.515848579493051,189.86265900056904,115.56533779943098,14.72254329450314,-11.231779972752264,-9.282559519478752,,,,-1.9492204532735116
429,2022-09-16,127.419998,132.119995,126.169998,131.979996,131.899323,67075100,2.0805964464705173,184.2729831464385,115.58001365356154,23.045781979637557,-11.16869513621927,-9.659786642826855,,,,-1.5089084933924148
430,2022-09-19,130.119995,134.630005,130.100006,133.820007,133.738205,56968500,1.3941590057329645,179.9657164500332,115.42028054996676,27.622596870151824,-10.845209613166702,-9.896871236894825,,,,-0.9483383762718773
431,2022-09-20,132.149994,134.830002,130.570007,131.759995,131.679459,52481800,-1.5393901451522083,176.93015019512046,114.59784670487949,28.287250006839717,-10.632505848801657,-10.043998159276192,,,,-0.5885076895254642
432,2022-09-21,132.130005,140.309998,131.100006,132.610001,132.528931,80767900,0.6451169036550297,172.9375003407269,114.6704968592731,31.62960580984684,-10.276882696107664,-10.090575066642486,,,,-0.18630762946517798
433,2022-09-22,130.699997,131.490005,124.279999,125.610001,125.533211,75916200,-5.278636563768679,168.41023594292213,114.53676125707786,34.81908846883054,-10.439549654012865,-10.160369984116562,,,,-0.27917966989630294
434,2022-09-23,124.199997,126.110001,122.57,125.160004,125.083496,66330900,-0.3582493403530784,160.04529768506288,117.50469941493716,36.80897773515803,-10.483923246058112,-10.225080636504872,,,,-0.25884260955323946
435,2022-09-26,124.910004,126.589996,122.139999,122.279999,122.205254,54734300,-2.301058571394743,156.0746073888045,117.4433890111955,35.92080574088996,-10.628957960668371,-10.305856101337572,,,,-0.3231018593307997
436,2022-09-27,125.07,127.360001,122.580002,124.129997,124.054115,55385400,1.5129195413225327,152.37142968855127,117.75856691144875,34.97344863066213,-10.473883233247165,-10.339461527719491,,,,-0.1344217055276733
437,2022-09-28,124.099998,128.229996,123.540001,127.360001,127.282143,54241400,2.602113975721765,148.63736022045077,118.76063717954924,35.67187244165942,-9.975361310244809,-10.266641484224555,,,,0.2912801739797466
438,2022-09-29,124.480003,125.0,119.459999,122.199997,122.125298,53276300,-4.05151064658048,145.66788886221505,118.856108037785,25.895472704395644,-9.882726375582052,-10.189858462496057,,,,0.3071320869140042
439,2022-09-30,120.870003,126.330002,120.75,121.389999,121.315788,56563800,-0.6628461701189692,145.16744307972522,117.5585542202748,23.463460604618447,-9.762140710241368,-10.10431491204512,,,,0.34217420180375235
440,2022-10-03,123.470001,126.779999,121.050003,125.120003,125.043518,54747800,3.0727440734223954,144.64905734672726,116.94194015327275,41.04717011232295,-9.258865118191068,-9.93522495327431,,,,0.6763598350832432
441,2022-10-04,128.789993,132.199997,128.789993,131.669998,131.589493,58418200,5.234970302869946,144.38916209506928,116.90383580493072,50.47456630794958,-8.236540023357463,-9.59548796729094,,,,1.358947943933476
442,2022-10-05,129.110001,133.210007,126.209999,132.089996,132.009262,50713100,0.3189777522439208,143.81614678351104,116.97185081648898,53.54251077965898,-7.308205250785733,-9.1380314239899,,,,1.829826173204168
443,2022-10-06,132.199997,136.559998,131.029999,131.300003,131.219727,64415700,-0.5980717873592889,142.63381979408305,117.29417870591696,49.09623531616474,-6.560612431810341,-8.622547625553988,,,,2.061935193743647
444,2022-10-07,125.050003,126.699997,120.220001,120.760002,120.68618,67247800,-8.027418704628664,140.2987603152642,117.31823888473582,35.902417130046274,-6.7409245487748,-8.24622301019815,,,,1.50529846142335
445,2022-10-10,120.370003,121.239998,114.080002,116.699997,116.628662,69869900,-3.362044495494465,137.33576459012596,117.44623400987408,34.41639537808025,-7.129250115641241,-8.022828431286769,,,,0.8935783156455273
446,2022-10-11,115.610001,118.459999,112.830002,115.860001,115.789169,66748200,-0.7197909353845122,137.62507590351476,115.61192299648528,32.66404399354353,-7.419257005742992,-7.902114146178014,,,,0.4828571404350219
447,2022-10-12,115.790001,117.349998,113.449997,115.0,114.929695,49259000,-0.7422760163794506,137.72922373047857,113.87977526952147,37.419965317049225,-7.630524512167497,-7.847796219375911,,,,0.21727170720841382
448,2022-10-13,109.709999,120.779999,108.129997,119.599998,119.526886,85010300,3.999998260869564,137.43434836851225,113.20565113148774,43.99826640759931,-7.342138535580801,-7.746664682616889,,,,0.4045261470360879
449,2022-10-14,120.57,121.110001,112.040001,112.269997,112.20137,71343200,-6.128763480414101,137.34154785166916,111.32745174833084,40.14181328672943,-7.617253436709987,-7.720782433435509,,,,0.10352899672552152
450,2022-10-17,115.18,119.480003,115.169998,118.879997,118.80732,58077400,5.887592568475797,136.0034248063513,111.17157379364872,45.27282532947327,-7.218699545153527,-7.620365855779114,,,,0.4016663106255871
451,2022-10-18,123.440002,124.919998,116.18,119.669998,119.596855,65936200,0.6645365241723544,134.890413844733,111.07558505526704,42.75757795795612,-6.7611578176360325,-7.448524248150498,,,,0.6873664305144658
452,2022-10-19,118.790001,123.5,118.339996,120.510002,120.436333,52313100,0.7019336626043815,133.42433270634416,111.33166629365589,48.26738243463014,-6.258625856559519,-7.210544569832303,,,,0.951918713272784
453,2022-10-20,121.129997,127.690002,121.050003,121.940002,121.865456,65239800,1.1866234970272505,133.13620711117227,111.25279198882777,50.55679594392363,-5.6795067889746775,-6.904337013660778,,,,1.2248302246861007
454,2022-10-21,120.980003,124.980003,118.870003,124.660004,124.583801,60949400,2.2306068192454065,133.0849311781079,111.25406792189207,49.52459792523749,-4.944077083157779,-6.5122850275601785,,,,1.568207944402399
455,2022-10-24,125.080002,127.099998,120.639999,125.989998,125.912987,51745700,1.0668971260421325,133.40362284726788,111.30637615273211,43.41983226411016,-4.20544657195471,-6.050917336439085,,,,1.845470764484375
456,2022-10-25,126.940002,133.0,126.639999,132.610001,132.528931,50548200,5.254387733223087,134.72855407292434,110.82944532707567,50.52674737696004,-3.050730729024039,-5.450880014956076,,,,2.400149285932037
457,2022-10-26,128.690002,133.880005,127.080002,128.960007,128.88118,53295300,-2.7524273979909086,134.95817407795872,110.75982592204129,47.75948295672155,-2.4024402796735416,-4.84119206789957,,,,2.4387517882260283
458,2022-10-27,136.300003,138.380005,131.220001,131.759995,131.679459,58311300,2.171206457828445,136.0655530691098,110.60844673089018,62.36510365886573,-1.6437813090465312,-4.201709916128962,,,,2.557928607082431
459,2022-10-28,131.039993,138.5,130.610001,138.339996,138.255417,52104000,4.993929303048317,138.5225996902333,109.84639980976664,73.02128385876225,-0.5057574624407692,-3.462519425391324,,,,2.9567619629505546
460,2022-10-31,137.779999,138.380005,132.970001,134.970001,134.887497,48634100,-2.436023635565243,139.80530021104016,109.54869908895984,69.29134559346295,0.1227887702268617,-2.7454577862676866,,,,2.8682465564945483
461,2022-11-01,138.110001,139.25,135.190002,135.429993,135.347198,43281700,0.3408105479676182,140.44588500283896,109.284113797161,70.79178122080381,0.6505347386106166,-2.0662592812920257,,,,2.7167940199026424
462,2022-11-02,138.5,142.100006,132.110001,132.190002,132.109192,67262800,-2.3923733053726197,140.46070927476094,109.27929012523904,63.177740172559446,0.7981366028587331,-1.493380104461874,,,,2.291516707320607
463,2022-11-03,130.429993,137.809998,129.559998,134.210007,134.12796,50006500,1.5281072467190129,140.91022565034427,109.12077414965576,75.8361110476526,1.065823515271262,-0.9815393805152468,,,,2.0473628957865087
464,2022-11-04,139.860001,142.289993,136.970001,141.559998,141.47345,61257600,5.476485073128723,143.43080050041087,108.68019889958912,76.25002485534647,1.849727660149796,-0.4152859723822384,,,,2.2650136325320345
465,2022-11-07,142.279999,144.119995,139.539993,143.009995,142.922577,41006100,1.0242985451299536,145.72052304379088,109.02147615620908,76.60740980662607,2.558487333087072,0.1794686887116237,,,,2.3790186443754484
466,2022-11-08,148.009995,148.910004,142.160004,146.020004,145.930756,59529200,2.1047542865797464,148.17803047401955,109.57996902598042,77.71021405579256,3.3247415003959304,0.8085232510484851,,,,2.516218249347445
467,2022-11-09,141.619995,142.110001,137.589996,137.759995,137.675781,45441400,-5.656765356615113,148.53864749796003,111.49535150203998,64.96405758527561,3.228276195576427,1.2924738399540736,,,,1.9358023556223536
468,2022-11-10,148.0,157.729996,145.470001,157.5,157.403717,70081900,14.32927244226454,153.45498111829485,110.36901808170516,73.49743003625042,4.690609746551729,1.9721010212736048,,,,2.7185087252781246
469,2022-11-11,158.070007,163.889999,154.820007,163.270004,163.170212,65548700,3.6634946031746103,158.17937705014833,110.74462284985168,75.08074140597229,6.243143648352287,2.826309546689341,,,,3.416834101662946
470,2022-11-14,162.179993,165.399994,159.220001,162.949997,162.850372,52785200,-0.1959986477369169,162.3911795365941,110.93982036340584,72.30226503421315,7.362841803343002,3.7336159980200736,,,,3.6292258053229287
471,2022-11-15,167.220001,169.979996,163.820007,166.660004,166.558121,54587600,2.2767763536687857,166.71269332091907,111.31730717908094,77.68801149106915,8.452146137841822,4.677322025984424,,,,3.7748241118573986
472,2022-11-16,161.619995,163.619995,158.729996,159.100006,159.002731,64954700,-4.536180138337198,168.5908898866753,113.29811101332469,68.76716561725945,8.606192187516484,5.463096058290836,0.69,0.58,-16.47,3.143096129225648
473,2022-11-17,157.149994,162.660004,155.350006,156.770004,156.674164,71089400,-1.4644889453995449,169.67197227220166,115.70002882779838,63.43490652837324,8.442938167318403,6.05906448009635,,,,2.383873687222053
474,2022-11-18,159.660004,160.020004,151.199997,154.089996,153.995789,49207200,-1.7095158076286032,170.19779694132524,118.11720335867471,64.0795198529014,8.005026964401708,6.448256976957421,,,,1.5567699874442864
475,2022-11-21,151.470001,154.770004,150.800003,153.169998,153.07637,40473900,-0.5970523874892053,170.37479489518324,120.65820540481675,62.97542199768751,7.497318609245866,6.658069303415111,,,,0.8392493058307551
476,2022-11-22,153.279999,160.580002,151.220001,160.380005,160.281967,47286600,4.707192723212028,171.8300576377615,121.97994306223848,69.48706254815514,7.589259133163722,6.844307269364834,,,,0.7449518637988879
477,2022-11-23,160.979996,165.270004,160.479996,165.190002,165.089005,42724100,2.999125109143108,173.41538418267766,124.01761601732238,70.6203267546227,7.958508487992077,7.067147513090283,,,,0.8913609749017937
478,2022-11-25,163.179993,164.869995,161.720001,162.699997,162.60054,16793400,-1.5073581753452636,174.3589970060678,126.16800339393224,65.04410977315945,7.958478284646873,7.245413667401602,,,,0.713064617245271
479,2022-11-28,160.259995,163.570007,157.25,158.270004,158.173248,30374100,-2.7227984521720705,174.92383256188376,127.59616863811628,60.41780365275288,7.514369956844831,7.299204925290248,,,,0.21516503155458366
480,2022-11-29,158.270004,159.320007,155.199997,156.389999,156.294403,29838400,-1.1878466876136584,174.79923520320182,129.8627657967982,57.19039559606432,6.9308160822780565,7.225527156687811,,,,-0.2947110744097543
481,2022-11-30,156.970001,169.300003,155.970001,169.229996,169.169815,56529800,8.210241755932234,176.21968456061057,131.8223167393894,70.5176603588109,7.418905359101444,7.264202797170538,,,,0.1547025619309066
482,2022-12-01,169.990005,172.649994,166.350006,171.350006,171.289063,47097700,1.252738905696127,176.94382890821615,135.0141727917838,61.723376578833424,7.885883164486188,7.388538870633668,,,,0.4973442938525201
483,2022-12-02,166.589996,169.330002,164.449997,168.759995,168.699982,37138900,-1.5115324828176568,176.72183316766717,138.69116733233284,54.91142116632757,7.955270787913093,7.5018852540895535,,,,0.4533855338235391
484,2022-12-05,166.789993,169.949997,164.720001,166.100006,166.040939,35225500,-1.5761964202475776,176.68707412329297,141.179927176707,52.70479781848634,7.706783099282774,7.542864823128198,,,,0.16391827615457544
485,2022-12-06,165.300003,165.729996,158.190002,159.869995,159.813141,35269400,-3.750759045728158,175.87001370779768,143.68298759220232,44.41151807807308,6.92729149025007,7.419750156552573,,,,-0.492458666302503
486,2022-12-07,157.720001,161.860001,156.669998,161.199997,161.14267,37238800,0.8319272168614278,175.27191459267277,145.79908600732722,51.92588926254356,6.343732224025018,7.204546570047063,,,,-0.8608143460220443
487,2022-12-08,162.729996,171.789993,159.589996,171.690002,171.628952,51545600,6.507447391577803,173.2788487570782,151.18515254292174,61.9017142267846,6.651043941666103,7.093846044370872,,,,-0.4428021027047695
488,2022-12-09,171.600006,175.830002,169.75,170.009995,169.949524,46533800,-0.9785118413592864,174.18921109392247,151.52578970607752,62.90530921698375,6.682002205439972,7.011477276584692,,,,-0.32947507114471986
489,2022-12-12,170.369995,175.380005,167.970001,175.350006,175.287643,45732800,3.140998268954709,176.0983941387081,150.8246068612919,66.77760304266033,7.05609286559968,7.02040039438769,,,,0.03569247121199037
490,2022-12-13,185.309998,187.899994,177.110001,180.720001,180.655731,65658900,3.062443579271945,179.1492765396169,149.55072486038313,65.82631806100082,7.697148193467228,7.155749954203598,,,,0.5413982392636303
491,2022-12-14,179.869995,182.520004,174.199997,176.740005,176.677155,49688800,-2.202299677942121,180.6382964486805,149.06970505131952,59.10452172682794,7.794190171785459,7.283437997719971,,,,0.5107521740654883
492,2022-12-15,171.460007,173.199997,167.0,169.520004,169.459732,47854200,-4.085097202526389,181.04708960941443,149.70291169058558,55.0029369850804,7.205443036031568,7.26783900538229,,,,-0.06239596935072189
493,2022-12-16,168.639999,170.410004,164.100006,165.710007,165.651062,47823200,-2.2475205934988085,180.96162012287223,150.6823814771277,55.50784640523664,6.358129217010344,7.085897047707901,,,,-0.727767830697557
494,2022-12-19,165.720001,166.089996,161.449997,162.539993,162.482193,35403900,-1.9129888758015576,180.4482797172179,152.04072158278214,54.46752134961527,5.368943436101858,6.742506325386692,,,,-1.373562889284834
495,2022-12-20,160.639999,163.100006,158.520004,160.850006,160.792801,40326000,-1.0397361097462363,179.71532601047565,153.54167608952437,42.73579683618784,4.397942013041359,6.273593462917626,,,,-1.8756514498762673
496,2022-12-21,161.139999,166.270004,161.020004,165.009995,164.951309,32502500,2.586253555999241,179.64167089155694,154.07833020844305,44.69188763599606,3.9189178894122847,5.802658348216558,,,,-1.8837404588042732
497,2022-12-22,160.940002,161.380005,148.820007,153.389999,153.335449,56504500,-7.0419952439850775,180.39502673425497,152.14497406574506,38.82182109090908,2.572002808057192,5.156527240184685,,,,-2.584524432127493
498,2022-12-23,151.960007,153.389999,148.830002,152.059998,152.00592,34932600,-0.8670715227007575,181.1701713412336,150.30582955876636,39.587655368557336,1.381319940237006,4.4014857801951495,,,,-3.0201658399581435
499,2022-12-27,150.740005,151.0,140.559998,141.210007,141.15979,46490200,-7.13533548777241,183.593404758791,146.17659644120897,37.048868633966535,-0.4328191378584165,3.4346247965844365,,,,-3.867443934442853
500,2022-12-28,139.270004,142.619995,138.839996,140.360001,140.310074,35106600,-0.6019445916463861,185.501561675203,142.665439724797,35.43879460250389,-1.91702750801457,2.3642943356646358,,,,-4.281321843679206
501,2022-12-29,144.020004,146.830002,142.270004,146.029999,145.978073,35492300,4.039610971504626,185.6415153222765,140.20548637772347,30.77614082315776,-2.60571482357264,1.3702925038171805,,,,-3.9760073273898207
502,2022-12-30,143.339996,146.289993,142.330002,146.139999,146.088028,31049000,0.075326988121116,185.19535934157537,138.13064165842465,31.68635676468344,-3.106814973100228,0.4748710084336986,,,,-3.5816859815339264
503,2023-01-03,148.509995,149.960007,140.960007,143.149994,143.099075,40127700,-2.0459867390583475,185.0486377161568,135.71636318384324,24.37120001446671,-3.702528423891323,-0.3606088780313056,,,,-3.3419195458600175
504,2023-01-04,145.669998,148.529999,142.410004,147.490005,147.437561,43132400,3.03179265239788,184.60917796158463,134.29482283841534,23.1105354407555,-3.7808497266605343,-1.0446570477571515,,,,-2.736192678903383
505,2023-01-05,144.910004,145.639999,141.479996,142.649994,142.599274,38916800,-3.281585758980754,184.84283054772044,132.33917015227956,22.793290350310716,-4.185223707728568,-1.6727703797514348,,,,-2.5124533279771333
506,2023-01-06,144.740005,150.100006,140.339996,148.589996,148.537155,40504400,4.164039432066158,184.55201423997815,131.36898636002178,32.94769001822519,-3.980499758904671,-2.134316255582082,,,,-1.8461835033225893
507,2023-01-09,152.839996,160.559998,151.410004,156.279999,156.224411,50423100,5.175316782429951,182.9876637437658,131.3923365562342,42.77394178030369,-3.161294149325755,-2.3397118343308163,,,,-0.8215823149949388
508,2023-01-10,155.070007,159.619995,154.720001,159.089996,159.033417,38410100,1.7980528653573913,181.7522407014737,131.53575969852625,47.34165729734894,-2.259280943537988,-2.3236256561722506,,,,0.06434471263426245
509,2023-01-11,158.399994,160.279999,155.630005,160.009995,159.953094,35328500,0.578288404759264,179.47076439838114,132.2832349016189,49.34496968021323,-1.4534384154303268,-2.1495882080238657,,,,0.6961497925935389
510,2023-01-12,161.0,166.369995,154.919998,165.110001,165.051285,55140900,3.1873046430630936,176.12306046752582,134.06993883247418,50.07685671690325,-0.3986788231473497,-1.7994063310485626,,,,1.400727507901213
511,2023-01-13,162.779999,169.220001,161.649994,168.990005,168.929916,44728700,2.3499509275637376,174.29222166427746,135.1257776357225,63.60781293325822,0.7417591118110636,-1.2911732424766376,,,,2.032932354287701
512,2023-01-17,168.990005,177.279999,168.990005,177.020004,176.957047,51110200,4.751759726854843,176.09647635182387,134.0715229481761,69.493903095831,2.267381241914564,-0.5794623455983974,,,,2.846843587512961
513,2023-01-18,176.669998,178.729996,172.820007,173.770004,173.708206,43962400,-1.8359506985436536,177.63599919332697,133.33799980667305,78.8549923244473,3.1775708738541653,0.1719442982921151,,,,3.00562657556205
514,2023-01-19,170.360001,171.970001,167.309998,167.649994,167.590378,45293200,-3.521902433748003,178.3472708330545,133.1377282669455,72.11863599710455,3.36626484903357,0.8108084084404061,,,,2.5554564405931637
515,2023-01-20,170.110001,178.559998,168.25,178.389999,178.326553,56496700,6.406206611614906,181.3222565320754,131.91674186792463,74.23605062500549,4.33249255210535,1.515145237173395,,,,2.817347314931955
516,2023-01-23,180.639999,192.449997,178.179993,191.929993,191.86174,65516300,7.590108232468795,187.12484636761744,128.80615183238254,78.55092139490729,6.120248905770097,2.436165970892736,,,,3.6840829348773614
517,2023-01-24,188.270004,194.949997,188.199997,192.649994,192.581482,49620400,0.3751373033187066,192.83596850926116,127.02102919073889,81.76332990169588,7.508602266552771,3.4506532300247432,,,,4.0579490365280275
518,2023-01-25,189.130005,193.699997,185.800003,193.229996,193.161285,44953700,0.3010651534201436,197.84082590260203,126.13317159739805,80.83870728590425,8.557043352447437,4.471931254509283,,,,4.085112097938154
519,2023-01-26,197.009995,201.660004,192.779999,198.020004,197.949585,48953500,2.47891533362139,202.6955122381785,126.9594849618215,87.35662365809324,9.663064290371182,5.510157861681662,,,,4.152906428689519
520,2023-01-27,194.619995,206.279999,194.050003,203.649994,203.577576,54214200,2.843142049426484,207.78007427353936,128.2039222264606,87.30351258179908,10.868600531874192,6.581846395720168,,,,4.286754136154023
521,2023-01-30,199.5,201.399994,191.5,191.619995,191.551865,48861100,-5.907193397707644,209.98550897404755,130.5574871259525,72.61325164338976,10.729592247788249,7.411395566133784,,,,3.318196681654465
522,2023-01-31,191.699997,196.869995,189.5,195.369995,195.300507,49801700,1.9569982767195129,212.25151670648432,133.21447899351568,72.93879059231865,10.79755336711932,8.088627126330891,,,,2.708926240788429
523,2023-02-01,196.910004,211.919998,196.110001,209.429993,209.355515,66047700,7.196600481051352,216.2307906910516,135.8632049089484,76.79461582396601,11.84934549916366,8.840770800897445,,,,3.008574698266214
524,2023-02-02,210.0,219.490005,207.0,217.089996,217.012787,56427600,3.6575482290160943,221.32052411868517,137.7334705813149,77.42139052038323,13.149418257897397,9.702500292297437,,,,3.44691796559996
525,2023-02-03,210.0,217.449997,207.889999,211.0,210.924957,42936600,-2.805286338482416,223.19076595064,142.69822934935996,71.65686814842415,13.532331214080244,10.468466476653996,,,,3.0638647374262487
526,2023-02-06,208.059998,215.699997,207.860001,210.889999,210.815002,45219700,-0.052133175355451,224.72275324056605,147.39624235943396,69.01313143491724,13.669344633151384,11.108642107953475,,,,2.560702525197909
527,2023-02-07,213.820007,222.589996,211.5,221.729996,221.651154,66415000,5.140119043767455,228.4590661204636,150.20492917953644,74.80860232532163,14.485644427202544,11.784042571803289,,,,2.7016018553992556
528,2023-02-08,223.869995,228.779999,220.080002,222.050003,221.971024,55965100,0.1443228276610808,231.4930771831085,153.46691881689145,79.93617015258451,14.98564460285857,12.424362978014344,,,,2.561281624844227
529,2023-02-09,226.059998,230.199997,221.199997,223.369995,223.290558,52387600,0.5944570962243878,233.84075837691617,157.45523762308378,77.61542401013122,15.311904562670463,13.00187129494557,,,,2.3100332677248936
530,2023-02-10,216.899994,220.779999,208.110001,212.649994,212.574371,55073700,-4.7992126247753175,234.0725073828965,161.97748791710347,63.17731004689073,14.53786992648125,13.309071021252706,,,,1.228798905228544
531,2023-02-13,215.380005,220.479996,209.619995,217.880005,217.802536,47491900,2.4594456372286637,234.8173711424809,166.12162415751908,65.1750327694555,14.182967656800429,13.483850348362251,,,,0.6991173084381774
532,2023-02-14,215.779999,230.490005,213.660004,229.710007,229.628311,67547400,5.429595065412252,237.95784234430275,168.25015325569726,69.32613322069646,14.686984925206616,13.724477263731124,,,,0.9625076614754917
533,2023-02-15,225.490005,228.550003,221.059998,227.639999,227.559036,42057500,-0.9011396704193264,239.410427775938,172.184567324062,66.15753512123416,14.749368358570962,13.929455482699092,,,,0.8199128758718697
534,2023-02-16,221.330002,225.5,219.270004,220.020004,219.941757,41202600,-3.3473884350175176,237.35006061165512,179.4819354883449,58.73999372771023,14.022297449000916,13.94802387595946,,,,0.07427357304145588
535,2023-02-17,216.309998,217.399994,209.75,213.880005,213.80394,46588800,-2.790654889725386,235.49671815642805,184.884278543572,62.682319657894304,12.803056246927497,13.719030350153066,,,,-0.9159741032255688
536,2023-02-21,210.0,214.940002,206.179993,206.550003,206.476547,41001500,-3.427156269236109,234.81178549263456,187.03121220736537,56.1199948167294,11.117177011719804,13.198659682466417,,,,-2.081482670746613
537,2023-02-22,207.070007,211.039993,204.210007,207.539993,207.466202,51318400,0.4792979838397881,234.03864948731257,189.2933481126874,48.79264092026877,9.748613542406446,12.508650454454422,0.81,0.88,8.75,-2.760036912047976
538,2023-02-23,234.399994,238.880005,230.25,236.639999,236.555847,111799500,14.0213968302485,237.0840757922086,190.58892210779135,59.80343076297245,10.886649895025217,12.18425034256858,,,,-1.2976004475433633
539,2023-02-24,232.25,234.740005,229.470001,232.860001,232.777191,58971600,-1.5973622447488125,239.0560470271818,192.10095057281816,61.221765390185965,11.352671129754754,12.017934500005817,,,,-0.6652633702510631
540,2023-02-27,236.699997,238.800003,234.539993,235.009995,234.926407,45299400,0.9232989739616172,241.44420881694435,192.8487888830557,62.12791407626884,11.759921805058468,11.966331961016346,,,,-0.2064101559578777
541,2023-02-28,233.720001,238.25,232.059998,232.160004,232.077454,45596300,-1.212710548757734,241.15879195514265,197.1882066448574,55.70257433362818,11.717626934654731,11.916590955744024,,,,-0.19896402108929223
542,2023-03-01,231.919998,232.559998,225.080002,226.979996,226.899277,46002600,-2.231223255836945,239.8950390730896,201.61295962691045,52.55943990944159,11.1377357064506,11.76081990588534,,,,-0.6230841994347394
543,2023-03-02,224.880005,233.800003,224.320007,233.139999,233.057083,38941500,2.7138968669291774,241.06442858016405,202.81457071983587,54.829462791540266,11.047875459778425,11.618231016663955,,,,-0.5703555568855307
544,2023-03-03,233.199997,239.0,231.300003,238.899994,238.815033,41239300,2.47061637844479,243.4350076482725,202.6249914517276,63.64486924535047,11.31105719859903,11.556796253050972,,,,-0.245739054451942
545,2023-03-06,238.910004,242.479996,234.869995,235.539993,235.456223,43742900,-1.4064466657123464,244.56722049348568,203.9467779065144,59.36174167614435,11.120318513075604,11.4695007050559,,,,-0.34918219198029554
546,2023-03-07,236.0,241.25,232.410004,232.880005,232.836731,51515400,-1.1293147996314978,244.98945079805057,205.72354820194943,51.861420328258944,10.631959320564905,11.3019924281577,,,,-0.6700331075927952
547,2023-03-08,234.869995,242.0,234.240005,241.809998,241.76506,51357300,3.834589835224356,247.22752950203088,205.49346969796912,57.70025252591398,10.840543903976029,11.209702723321367,,,,-0.3691588193453388
548,2023-03-09,241.75,244.539993,233.830002,234.360001,234.316452,50125700,-3.0809300945447204,248.03302127972032,205.91897772027968,57.807057091104085,10.28612415703057,11.02498701006321,,,,-0.7388628530326393
549,2023-03-10,234.089996,236.270004,227.259995,229.649994,229.607315,47486600,-2.0097316009142774,248.3078682806186,206.2721306193813,58.72137689942679,9.35880186917268,10.691749981885105,,,,-1.3329481127124243
550,2023-03-13,227.520004,232.979996,222.970001,229.660004,229.617325,42189000,0.0043588069939204,248.00920842571315,208.27179147428689,63.906611075046456,8.526412818923092,10.258682549292704,,,,-1.7322697303696124
551,2023-03-14,234.960007,242.190002,234.600006,240.630005,240.585281,47491000,4.776626669396045,249.27783333412776,209.27816656587223,67.77695006141185,8.652188852842386,9.93738381000264,,,,-1.285194957160254
552,2023-03-15,237.610001,242.860001,233.600006,242.279999,242.23497,52448600,0.6856975296991807,250.7363033865429,209.07669571345704,54.2974715932556,8.783754339783798,9.706657915958871,,,,-0.9229035761750737
553,2023-03-16,240.270004,255.880005,238.940002,255.410004,255.362534,58325300,5.419351599056266,254.99339642788703,207.59660317211296,65.03935368162728,9.83414075445546,9.73215448365819,,,,0.10198627079726919
554,2023-03-17,259.820007,263.98999,256.679993,257.25,257.202209,84854700,0.7204087432691297,258.88749417223994,207.42550502776007,64.89419252392335,10.69180340122719,9.924084267171992,,,,0.7677191340551985
555,2023-03-20,256.149994,260.23999,251.300003,259.0,258.951874,43274700,0.6802721088435382,261.92728950026566,208.8977091997343,68.24360843511715,11.381518541561434,10.21557112204988,,,,1.1659474195115536
556,2023-03-21,261.799988,263.920013,253.809998,261.98999,261.941315,54740800,1.1544362934362784,263.56186808444426,212.80712931555576,74.52711490181166,12.030707457304118,10.578598389100728,,,,1.4521090682033897
557,2023-03-22,264.25,275.890015,262.369995,264.679993,264.630829,79729500,1.026757930713318,264.70015984358423,217.3828375564158,73.22533379244001,12.616816306307044,10.986241972541992,,,,1.6305743337650522
558,2023-03-23,271.149994,274.98999,266.899994,271.910004,271.859467,56488900,2.7316046513572223,270.0660022561301,215.54399564386983,73.79271436025455,13.508990027818612,11.490791583597316,,,,2.018198444221296
559,2023-03-24,270.309998,271.670013,263.549988,267.790009,267.740234,45492000,-1.5152053765554063,273.5500960528862,215.55290264711385,72.99302766191751,13.72537735917021,11.937708738711896,,,,1.787668620458314
560,2023-03-27,268.369995,270.0,263.649994,265.309998,265.260712,36102600,-0.9261028853395304,276.11324852407563,216.0197504759243,73.18083414795075,13.540661401007869,12.25829927117109,,,,1.2823621298367787
561,2023-03-28,264.470001,265.130005,258.5,264.100006,264.050934,35610400,-0.4560672455321435,277.99202501596,217.33497418404008,67.9093714460476,13.145107810983149,12.435660979133504,,,,0.709446831849645
562,2023-03-29,268.25,270.779999,265.970001,269.839996,269.789856,39369400,2.17341532358768,280.0381772958906,219.57482190410943,79.31261737337923,13.143290293887048,12.577186842084211,,,,0.5661034518028369
563,2023-03-30,272.290009,274.98999,271.019989,273.829987,273.779114,36451600,1.4786507038045071,282.8175777445259,220.8644202554741,86.93980027320741,13.310375107627834,12.723824495192938,,,,0.5865506124348965
564,2023-03-31,271.399994,278.339996,271.049988,277.769989,277.718353,43393300,1.4388497195524377,286.1870786743961,221.38191882560392,87.74517444152384,13.603898980414726,12.899839392237295,,,,0.7040595881774312
565,2023-04-03,275.089996,280.0,273.359985,279.649994,279.598022,39871600,0.6768207777838819,289.1595199313675,222.82047766863244,85.70644190330577,13.82880954763624,13.085633423317086,,,,0.7431761243191541
566,2023-04-04,279.660004,280.0,273.070007,274.529999,274.478973,36859200,-1.8308582549084629,290.35074625577465,225.7942507442253,77.74910322642305,13.438995609731307,13.15630586059993,,,,0.2826897491313769
567,2023-04-05,268.290009,269.980011,263.950012,268.809998,268.76004,51501500,-2.0835613670038167,291.0896159111338,227.7553810888661,63.21498891261936,12.524138506133625,13.02987238970667,,,,-0.5057338835730452
568,2023-04-06,265.839996,270.799988,264.269989,270.369995,270.319733,39765400,0.5803344412807165,290.92400991289776,231.52198648710225,63.01070946414244,11.78908910011114,12.781715731787566,,,,-0.9926266316764263
569,2023-04-10,268.230011,276.209991,266.690002,275.790009,275.73877,39527900,2.004665495518454,289.8843099720784,237.17568792792173,65.5204380950511,11.51121288627462,12.527615162684976,,,,-1.0164022764103553
570,2023-04-11,277.23999,277.899994,271.26001,271.690002,271.639526,31437800,-1.486640873926659,286.80841863570834,244.4545790642917,58.78624052522886,10.83525560322579,12.18914325079314,,,,-1.3538876475673511
571,2023-04-12,273.700012,274.679993,264.480011,264.950012,264.900787,44625900,-2.4807648240217417,284.4752928507584,249.21970554924164,50.22786413117528,9.644517725016897,11.680218145637893,,,,-2.035700420620996
572,2023-04-13,267.339996,268.869995,263.290009,264.630005,264.580841,35361500,-0.1207801417272724,281.3609128105285,254.56908618947148,43.045472471081695,8.576166775137892,11.059407871537893,,,,-2.4832410964000005
573,2023-04-14,265.040009,268.829987,262.200012,267.579987,267.530273,39566000,1.114757187114912,280.6042027206536,256.5427945793465,49.794780080447175,7.876731782781007,10.422872653786516,,,,-2.54614087100551
574,2023-04-17,265.649994,270.059998,264.329987,270.019989,269.969818,32147100,0.9118776136273654,280.0040207266038,258.4199754733961,54.60589996376881,7.433622113181912,9.825022545665597,,,,-2.3914004324836853
575,2023-04-18,275.329987,281.100006,273.570007,276.670013,276.618591,60481200,2.4627895233341413,280.24125167898006,259.9497458210199,61.11013385591412,7.532229020325815,9.36646384059764,,,,-1.834234820271826
576,2023-04-19,273.609985,280.0,272.320007,279.309998,279.258087,35866000,0.9541999045628468,281.15082305021383,260.7721752497862,58.855434492035386,7.734244870420639,9.04002004656224,,,,-1.3057751761416014
577,2023-04-20,276.709991,280.299988,270.0,271.040009,270.989624,42771300,-2.9608639358480904,281.030962797772,261.52803710222804,47.584434632034615,7.144665631943099,8.660949163638412,,,,-1.5162835316953132
578,2023-04-21,269.519989,271.829987,267.220001,271.190002,271.139618,34510300,0.0553398004056182,280.990477096106,261.4965226038941,43.90290205941656,6.613289138754794,8.251417158661688,,,,-1.638128019906894
579,2023-04-24,270.130005,273.660004,266.709991,270.420013,270.369751,33928200,-0.2839297150785125,280.9959489178623,261.7540511821378,41.26775272835985,6.060179782111504,7.813169683351652,,,,-1.7529899012401478
580,2023-04-25,270.779999,272.470001,262.25,262.410004,262.361237,37852700,-2.9620622050631877,281.3121787629027,261.1478219370973,39.1280970651071,4.91879504078571,7.234294754838464,,,,-2.315499714052754
581,2023-04-26,270.019989,273.299988,267.049988,269.559998,269.509888,40633700,2.724741393624619,281.05397719563547,261.95202270436454,50.65593863576868,4.538862983726631,6.695208400616098,,,,-2.156345416889467
582,2023-04-27,273.630005,274.950012,266.25,272.26001,272.209412,37716100,1.0016367487879263,281.1475470796232,262.10045422037683,51.62066120497314,4.404856056016797,6.237137931696238,,,,-1.832281875679441
583,2023-04-28,272.25,277.579987,270.709991,277.48999,277.438416,29168700,1.9209504914070807,281.64451089379884,261.9694907062012,51.46247598264986,4.666873465292383,5.923085038415468,,,,-1.2562115731230845
584,2023-05-01,278.399994,290.579987,277.799988,289.100006,289.046295,57032900,4.183940472951853,284.65751958799297,260.089483712007,63.26376003939177,5.745129139621781,5.887493858656731,,,,-0.14236471903494952
585,2023-05-02,286.799988,288.359985,280.829987,282.100006,282.047607,40273000,-2.4213074558013026,285.12944681375006,259.86255768625006,63.01411343533224,5.96604023330292,5.9032031335859685,,,,0.06283709971695117
586,2023-05-03,278.399994,283.670013,274.720001,278.019989,277.968323,38338700,-1.4463016353143954,285.5168562414136,259.8241472585864,59.61233706961519,5.745658221420058,5.871694151152787,,,,-0.12603592973272892
587,2023-05-04,276.51001,278.589996,272.399994,275.619995,275.568787,32185000,-0.8632451244359962,285.78732947155146,260.2346737284485,55.81766102357969,5.316064152606771,5.760568151443584,,,,-0.44450399883681335
588,2023-05-05,278.26001,287.549988,277.309998,286.799988,286.746704,36101400,4.056306945365118,287.9375815405657,259.7274209594343,60.77852009111768,5.81075696874899,5.770605914904666,,,,0.04015105384432438
589,2023-05-08,285.220001,292.200012,283.5,291.51001,291.455841,34497900,1.6422671537908329,290.7843176383741,258.4526849616259,59.77602000569357,6.507845608532762,5.918053853630285,,,,0.5897917549024765
590,2023-05-09,288.98999,289.730011,284.5,285.709991,285.656891,31486900,-1.989646599099637,292.15274927781286,258.4862522221871,54.04755300678053,6.517154615673576,6.037874006038943,,,,0.4792806096346327
591,2023-05-10,290.049988,291.130005,284.609985,288.850006,288.796326,36935000,1.0990217699457403,293.6390565685326,259.3899443314674,62.04516720690029,6.700663956132303,6.170431996057616,,,,0.530231960074687
592,2023-05-11,288.959991,289.5,282.459991,285.779999,285.726898,32214900,-1.0628377830118607,294.21172196377177,260.93227833622825,59.4925076643069,6.523177394313564,6.240981075708806,,,,0.2821963186047576
593,2023-05-12,285.290009,287.799988,280.459991,283.399994,283.347321,27402700,-0.8328102065673249,294.499217881964,262.226783118036,58.27170995982761,6.119924818594484,6.216769824285942,,,,-0.09684500569145804
594,2023-05-15,285.079987,289.690002,281.519989,289.529999,289.476166,29392600,2.1630222758579176,295.70828812037473,262.9687138796253,67.70695156895826,6.223246705782117,6.218065200585178,,,,0.005181505196938829
595,2023-05-16,288.410004,298.700012,288.320007,292.130005,292.075714,44940500,0.898009190405169,297.3858097749093,262.8371914250907,65.6670682256947,6.440684597957272,6.262589080059597,,,,0.17809551789767486
596,2023-05-17,295.839996,301.98999,294.299988,301.779999,301.723907,43253500,3.303321752245192,301.0289110225851,261.44109027741496,68.68825127573632,7.3074438969782705,6.471560043443332,,,,0.8358838535349387
597,2023-05-18,304.100006,318.279999,303.200012,316.779999,316.72113,74872500,4.970508333787893,308.29867184325576,258.74532845674423,72.13519314283985,9.099834300519149,6.997214894858495,,,,2.1026194056606533
598,2023-05-19,315.359985,315.799988,309.160004,312.640015,312.581909,47312400,-1.306895641476391,312.8392853998043,258.3497162001957,64.48080175530379,10.070171826934144,7.611806281273624,,,,2.458365545660521
599,2023-05-22,309.01001,315.200012,306.799988,311.76001,311.702057,37200000,-0.2814754854716828,316.29619029139803,259.02681100860195,69.73122535576275,10.645448158718692,8.218534656762639,,,,2.4269135019560526
600,2023-05-23,310.0,312.880005,306.309998,306.880005,306.822998,35625300,-1.5653081997271,317.13655659385336,262.6334448061466,68.99683746933616,10.58555943679812,8.691939612769737,,,,1.8936198240283826
601,2023-05-24,302.100006,306.070007,298.059998,305.380005,305.323273,72141900,-0.4887903987097486,317.995537307905,265.3564647920949,69.8241315021597,10.29834679783704,9.013221049783198,0.92,1.09,18.57,1.2851257480538418
602,2023-05-25,385.230011,394.799988,366.350006,379.799988,379.729401,154391100,24.36963186243972,343.1673303429337,250.93866955706636,83.62254749727131,15.892599393547414,10.389096718536042,,,,5.503502675011372
603,2023-05-26,378.899994,391.700012,375.5,389.459991,389.387634,71439700,2.543444788102533,363.5750950341599,241.7279049658401,84.18846764507853,20.86504711504648,12.48428679783813,,,,8.380760317208349
604,2023-05-30,405.950012,419.380005,399.48999,401.109985,401.035431,92340100,2.991319845226404,382.9635418622239,233.5404560377762,88.69885625624991,25.452405425451214,15.07791052336075,,,,10.374494902090465
605,2023-05-31,394.880005,402.950012,378.220001,378.339996,378.269684,100258000,-5.676744496899023,392.9045149708583,233.22348192914168,76.51869869243153,26.94002429057798,17.450333276804198,,,,9.489691013773783
606,2023-06-01,384.890015,400.5,383.399994,397.700012,397.626129,63587300,5.117094730846272,405.495939721023,232.60005947897707,80.24538418927267,29.342917563363017,19.828850134115964,,,,9.514067429247053
607,2023-06-02,400.970001,405.0,390.579987,393.269989,393.196899,48165500,-1.1139107031256534,414.8763967701124,234.98460182988765,79.36601028726108,30.53774188177448,21.97062848364767,,,,8.56711339812681
608,2023-06-05,389.089996,395.649994,387.070007,391.709991,391.637207,39609400,-0.3966735432741064,422.9507866599921,237.401212240008,77.99451835616438,31.00140506136438,23.776783799191016,,,,7.224621262173365
609,2023-06-06,388.299988,391.600006,381.480011,386.540009,386.46817,38872900,-1.3198494086917534,429.08785894492416,240.76713985507592,75.5065694718629,30.598961352366587,25.14121930982613,,,,5.457742042540456
610,2023-06-07,389.149994,394.98999,373.559998,374.75,374.719116,51199800,-3.0501393712131897,432.1513030544066,246.60769664559345,69.48881056246618,28.994436801415414,25.911862808143987,,,,3.082573993271428
611,2023-06-08,377.23999,388.640015,375.049988,385.100006,385.068298,41777200,2.7618428285523637,435.9070244934561,252.4769752065439,68.71165866638353,28.23255124381643,26.376000495278475,,,,1.8565507485379555
612,2023-06-09,390.369995,397.109985,385.670013,387.700012,387.668091,42722000,0.6751508593848321,438.6328888653845,259.9431121346155,70.73251273937828,27.52130176998457,26.605060750219696,,,,0.9162410197648754
613,2023-06-12,392.0,395.299988,386.179993,394.820007,394.787476,38870100,1.8364701520824145,440.7329986437396,268.9850036562604,72.17771894905759,27.218398771740453,26.727728354523848,,,,0.49067041721660587
614,2023-06-13,401.859985,411.01001,397.399994,410.220001,410.186218,61320800,3.9005100367165646,444.3665215616068,277.42048093839315,76.12498661265028,27.899389975147585,26.962060678648594,,,,0.9373292964989908
615,2023-06-14,408.23999,430.0,405.519989,429.970001,429.93457,74046500,4.8144897742321335,450.1070023611117,285.4639997388883,78.83627208106533,29.690486901177053,27.50774592315429,,,,2.182740978022764
616,2023-06-15,426.019989,432.890015,421.470001,426.529999,426.494873,56862200,-0.8000562811357748,454.1623561359644,293.8836459640356,66.10824044232962,30.48099872754005,28.102396484031445,,,,2.378602243508606
617,2023-06-16,434.5,437.209991,426.609985,426.920013,426.884857,65475500,0.0914388204614979,458.2310263737304,300.8289771262696,63.79437850756665,30.784096019106077,28.63873639104637,,,,2.1453596280597083
618,2023-06-20,429.980011,439.899994,426.73999,438.079987,438.043915,45115300,2.614066724485009,462.0120489780976,309.59195172190243,63.66324185596913,31.561003834217843,29.223189879680668,,,,2.337813954537175
619,2023-06-21,435.01001,436.149994,420.799988,430.450012,430.414551,55160300,-1.7416853603038462,461.9163108051932,321.5566900948069,71.68540099968709,31.201363759627725,29.61882465567008,,,,1.5825391039576466
620,2023-06-22,422.529999,434.26001,422.339996,430.25,430.214569,41773700,-0.046465790318062,457.5819983365447,338.22800206345534,66.11545263050326,30.54806800022368,29.8046733245808,,,,0.7433946756428789
621,2023-06-23,424.640015,428.089996,420.149994,422.089996,422.055237,35632300,-1.896572690296339,445.4395788548723,362.0414206451277,63.76051135461064,29.037159972198083,29.65117065410426,,,,-0.6140106819061764
622,2023-06-26,424.609985,427.640015,401.0,406.320007,406.28653,59432200,-3.736167440462157,445.2180632332347,364.9149381667652,56.142277250538406,26.26448749471706,28.97383402222682,,,,-2.709346527509762
623,2023-06-27,407.98999,419.399994,404.480011,418.76001,418.725525,46217500,3.0616269899798487,446.4227416119903,366.6402616880097,62.76545377981547,24.78522026598165,28.13611127097779,,,,-3.3508910049961393
624,2023-06-28,406.600006,418.450012,405.179993,411.170013,411.136139,58263900,-1.8124932703101335,446.8915901400389,367.1774159599611,64.9262383841058,22.738327716220454,27.056554560026324,,,,-4.318226843805871
625,2023-06-29,415.579987,416.0,406.0,408.220001,408.186371,38051400,-0.7174676913999423,446.0270788358813,371.0299277641187,60.08725987789683,20.640182137732666,25.773280075567595,,,,-5.133097937834929
626,2023-06-30,416.799988,425.5,415.01001,423.019989,422.985138,50053400,3.625493107575584,447.46306203051296,372.125942269487,63.92744022890415,19.941745959285186,24.606973252311118,,,,-4.665227293025932
627,2023-07-03,425.170013,428.980011,422.019989,424.130005,424.095062,19820900,0.2624027300988762,448.6828387236814,373.99216717631856,62.13262805408196,19.25583004786006,23.536744611420904,,,,-4.280914563560845
628,2023-07-05,421.350006,431.769989,420.850006,423.170013,423.135162,32361800,-0.2263438070126633,449.4156858415346,376.4053222584654,56.08839430131332,18.4224113246882,22.513877954074363,,,,-4.091466629386165
629,2023-07-06,418.440002,421.790009,413.459991,421.029999,420.995331,30358200,-0.505710219121791,449.0963614128147,380.1736456871852,44.96281113029623,17.38879256066815,21.48886087539312,,,,-4.100068314724968
630,2023-07-07,423.220001,432.140015,421.799988,425.029999,424.994995,35525300,0.9500510675012565,446.283422065848,388.014584934152,49.160134284449526,16.699902730616373,20.531069246437774,,,,-3.831166515821401
631,2023-07-10,426.570007,428.109985,416.48999,421.799988,421.765228,35390800,-0.7599489465683562,443.9429884164479,394.0250167835521,47.22160531670142,15.712197254300918,19.567294848010405,,,,-3.8550975937094876
632,2023-07-11,424.809998,427.579987,420.670013,424.049988,424.015045,29824400,0.5334281801828711,441.0105521297252,400.5924506702747,41.57155063762874,14.938784732922215,18.641592824992767,,,,-3.7028080920705513
633,2023-07-12,430.329987,439.350006,427.769989,439.019989,438.983826,48127700,3.5302444107132125,440.77675661451497,405.2462443854852,54.73113244436164,15.356780304686254,17.984630320931466,,,,-2.627850016245212
634,2023-07-13,445.179993,461.549988,444.920013,459.769989,459.732117,47820400,4.726436271675083,448.7220276369549,402.2559721630451,63.282929187913176,17.1645343246758,17.820611121680333,,,,-0.656076797004534
635,2023-07-14,465.829987,480.880005,450.600006,454.690002,454.652557,77066400,-1.104897475159039,453.3450941607077,400.1049057392922,65.08700619335374,17.980017464842376,17.852492390312744,,,,0.12752507452963258
636,2023-07-17,462.890015,464.959991,452.619995,464.609985,464.571716,51048800,2.1817024690153675,460.1808597345327,397.07713876546734,78.52039128993476,19.20536594827945,18.123067101906084,,,,1.0822988463733658
637,2023-07-18,467.01001,478.959991,457.339996,474.940002,474.900879,57019000,2.2233738691603837,468.741401135081,393.3185962649191,78.06753691830869,20.770579182331005,18.65256951799107,,,,2.1180096643399366
638,2023-07-19,474.640015,478.179993,467.420013,470.769989,470.731201,42750200,-0.8780083763085478,474.29279024798905,391.0362073520109,80.82968913501523,21.427533480435955,19.207562310480046,,,,2.219971169955908
639,2023-07-20,465.070007,470.869995,450.619995,455.200012,455.162506,53786500,-3.307342728680185,476.707954756899,391.096042843101,71.49524681090087,20.456003400826543,19.457250528549345,,,,0.9987528722771977
640,2023-07-21,457.880005,458.660004,441.0,443.089996,443.053497,96283200,-2.6603725133469536,477.5042024195251,391.5837947804749,59.41458012765114,18.4956751002685,19.264935442893176,,,,-0.7692603426246762
641,2023-07-24,447.309998,451.089996,440.399994,446.119995,446.083252,38251600,0.6838337645519887,478.5830871899756,392.9079099100244,60.132701121306695,16.99073774683677,18.81009590368189,,,,-1.8193581568451194
642,2023-07-25,449.410004,461.829987,449.230011,456.790009,456.75238,34808100,2.391736330939387,479.73218730627775,396.80580999372216,64.21924670093136,16.46919834176242,18.341916391298,,,,-1.8727180495355782
643,2023-07-26,460.209991,460.529999,446.299988,454.519989,454.482544,36423700,-0.4969504488439913,481.05952976481,399.05446543519,64.14870268144739,15.691817459248227,17.811896604888048,,,,-2.1200791456398207
644,2023-07-27,465.190002,473.950012,457.5,459.0,458.962189,45597600,0.9856576406807926,481.9072839414516,402.9897099585485,64.29352309700722,15.261314027543447,17.30178008941913,,,,-2.040466061875682
645,2023-07-28,466.679993,470.269989,463.809998,467.5,467.461487,33119400,1.85185185185186,482.9021792489442,407.9228145510559,68.41256970445086,15.428169583586168,16.92705798825254,,,,-1.4988884046663706
646,2023-07-31,467.540009,471.299988,465.059998,467.290009,467.251526,25105500,-0.0449178609625677,484.7749774413053,410.4770183586948,67.71260475450157,15.36632585588643,16.61491156177932,,,,-1.2485857058928893
647,2023-08-01,464.600006,469.0,460.269989,465.070007,465.031708,23785800,-0.4750801338018862,485.8702625593341,413.4757334406659,61.91565769399202,14.965663791667223,16.2850620077569,,,,-1.3193982160896756
648,2023-08-02,458.309998,458.399994,433.869995,442.690002,442.653534,53014200,-4.812179814468232,484.8341029730207,416.4638919269793,42.30215359135229,12.69590634771572,15.567230875748663,,,,-2.871324528032943
649,2023-08-03,438.0,451.179993,438.0,445.149994,445.113312,32417600,0.5556917908437375,483.2265132783834,420.4834811216165,45.59637902644792,10.969162340657247,14.647617168730385,,,,-3.6784548280731375
650,2023-08-04,449.850006,456.420013,443.929993,446.799988,446.763184,36225800,0.3706602318857888,481.8064872254259,424.0805060745741,41.09945631112172,9.622918980817644,13.642677531147836,,,,-4.019758550330192
651,2023-08-07,451.109985,455.399994,445.630005,454.170013,454.132599,32215400,1.6495132493154818,479.42494159642655,429.6990542035733,39.30375096383451,9.04642923757217,12.723427872432705,,,,-3.676998634860535
652,2023-08-08,448.529999,452.420013,440.559998,446.640015,446.60321,35384300,-1.6579689949719256,476.4281840222511,434.9548144777489,37.98906748114516,7.890986672493,11.756939632444766,,,,-3.865952959951766
653,2023-08-09,442.73999,443.119995,421.339996,425.540009,425.504944,58644900,-4.724163821282335,478.7024302583301,431.33257024166994,36.0068019579492,5.212608267687472,10.448073359493309,,,,-5.235465091805837
654,2023-08-10,421.600006,435.73999,418.350006,423.880005,423.845093,49270500,-0.3900935199726452,480.5502131814672,425.8957889185327,39.94557796838421,2.922338733806328,8.942926434355913,,,,-6.020587700549585
655,2023-08-11,417.51001,420.179993,406.390015,408.549988,408.516327,53200900,-3.616593568738869,484.73990794041583,417.09209275958415,32.579069148229024,-0.1282423281667206,7.128692681851387,,,,-7.256935010018108
656,2023-08-14,404.859985,438.0,403.109985,437.529999,437.493958,69028600,7.093381924172282,483.2455531089516,415.8784489910484,42.36562613138111,-0.2050415154314464,5.661945842394821,,,,-5.866987357826267
657,2023-08-15,445.600006,452.679993,437.100006,439.399994,439.3638,67651200,0.4273981222485234,479.5251688694578,416.0448324305421,43.98759787364806,-0.1137017730840739,4.506816319299042,,,,-4.620518092383116
658,2023-08-16,445.200012,446.75,434.059998,434.859985,434.824158,52745100,-1.0332291902580226,476.2848943819484,415.6941065180517,40.40540318072531,-0.4030095102981477,3.5248511533796045,,,,-3.927860663677752
659,2023-08-17,439.700012,440.619995,430.01001,433.440002,433.404297,45239500,-0.3265379775055699,475.36660762094425,414.4363922790558,35.6553281589412,-0.7383574125565247,2.6722094401923786,,,,-3.4105668527489033
660,2023-08-18,426.350006,435.779999,416.600006,432.98999,432.954315,58262200,-0.1038233660768606,475.3194437711833,413.4735555288168,35.58338781170515,-1.0285784366898838,1.932051864815926,,,,-2.9606303015058097
661,2023-08-21,444.940002,470.649994,442.220001,469.670013,469.631317,69257300,8.47133278993355,478.5017847571652,412.6462163428348,51.49915388516891,1.6818038314299883,1.8820022581387383,,,,-0.20019842670875
662,2023-08-22,481.350006,481.869995,453.329987,456.679993,456.642365,75720700,-2.765775893808231,478.48843048581887,412.6485690141813,54.85662096619271,2.7499159351543767,2.055584993541866,,,,0.6943309416125105
663,2023-08-23,458.660004,472.0,452.079987,471.160004,471.121185,77904600,3.170712801513065,481.0677310859359,411.7332699140641,58.33386478655947,4.710518421717211,2.5865716791769358,2.09,2.7,29.41,2.123946742540275
664,2023-08-24,502.160004,502.660004,471.589996,471.630005,471.591156,115604400,0.0997540105292849,483.0975399856971,410.9664615143028,58.01640038815752,6.230414826611536,3.315340308663856,,,,2.91507451794768
665,2023-08-25,470.119995,478.049988,450.23999,460.179993,460.14209,92534100,-2.4277530858114016,481.9980684447119,411.3339323552882,51.8905241092579,6.436823704216977,3.93963698777448,,,,2.4971867164424966
666,2023-08-28,464.820007,469.799988,448.880005,468.350006,468.311432,68519200,1.7753950898078186,482.1842585413644,411.25374195863554,56.80179681803229,7.176924873802818,4.5870945649801484,,,,2.5898303088226697
667,2023-08-29,466.660004,490.809998,463.910004,487.839996,487.799805,70139700,4.161415554673864,487.0674066509295,408.6475927490704,69.71766906263721,9.22974493688224,5.515624639360567,,,,3.7141202975216725
668,2023-08-30,490.440002,499.269989,484.25,492.640015,492.599426,73520600,0.9839330598879537,494.2610010642239,406.448999635776,71.33812080919805,11.115804964230731,6.6356607043346,,,,4.480144259896131
669,2023-08-31,493.799988,497.440002,489.579987,493.549988,493.509338,52857000,0.18471357833163,500.6307859619248,404.9192141380752,78.97067426115512,12.539401920538296,7.81640894757534,,,,4.722992972962956
670,2023-09-01,497.619995,498.0,481.420013,485.089996,485.050049,46319100,-1.714110466152008,504.5600468118647,404.8189540881354,68.84608377839248,12.83698533735418,8.82052422553111,,,,4.016461111823071
671,2023-09-05,482.230011,488.51001,478.600006,485.480011,485.440033,38265300,0.0804005448918898,507.987834263702,404.5221664362981,68.4763392239554,12.954956614490811,9.64741070332305,,,,3.307545911167761
672,2023-09-06,484.410004,485.48999,465.799988,470.609985,470.609985,46867000,-3.0629532963407646,509.358774244518,405.5482234554819,63.23779018439521,11.713536519774609,10.060635866613362,,,,1.6529006531612467
673,2023-09-07,455.25,463.440002,451.519989,462.410004,462.410004,43333000,-1.7424154313257834,509.0021819531093,409.5918152468907,60.21436570859474,9.953296804315755,10.039168054153842,,,,-0.08587124983808714
674,2023-09-08,459.420013,466.059998,452.709991,455.720001,455.720001,47306900,-1.446768655982622,507.7777068526384,414.0002899473617,57.67646027395909,7.927088277340204,9.616752098791114,,,,-1.6896638214509103
675,2023-09-11,461.480011,461.630005,443.119995,451.779999,451.779999,47396600,-0.8645663985241803,503.29521700698194,422.8057808930181,42.24264807845295,5.9349636219907325,8.880394403431039,,,,-2.9454307814403062
676,2023-09-12,447.380005,456.730011,445.309998,448.700012,448.700012,34925600,-0.6817448773335233,502.6546663129832,424.5633328870167,46.214431163559965,4.060850315127368,7.916485585770305,,,,-3.855635270642937
677,2023-09-13,446.0,459.299988,445.029999,454.850006,454.850006,39835500,1.3706248797693332,501.9955745430336,426.7674258569664,41.59884791603188,3.036848239207245,6.9405581164576935,,,,-3.9037098772504484
678,2023-09-14,459.5,459.869995,451.309998,455.809998,455.809998,37009700,0.2110568291385339,500.6736911832782,430.1843105167216,41.8921652510472,2.276540011757561,6.007754495517667,,,,-3.7312144837601062
679,2023-09-15,453.410004,455.98999,438.079987,439.0,439.0,50571300,-3.687939727903911,499.96313902096415,431.4508624790358,39.71045662317185,0.3139449502313027,4.8689925864603945,,,,-4.555047636229092
680,2023-09-18,427.480011,442.420013,420.0,439.660004,439.660004,50027100,0.1503425968109484,499.0631829274908,433.0178199725093,34.96488354634948,-1.174628581736329,3.66026835282105,,,,-4.834896934557379
681,2023-09-19,438.329987,439.660004,430.019989,435.200012,435.200012,37306400,-1.0144184050000615,500.0305296455885,428.6034731544116,17.255537193603132,-2.6832866528592376,2.3915573516849924,,,,-5.0748440045442305
682,2023-09-20,436.0,439.029999,422.230011,422.390015,422.390015,36710800,-2.943473494205695,502.8626424728976,422.3423625271024,10.261321999074184,-4.8565850544187015,0.9419288704642536,,,,-5.798513924882955
683,2023-09-21,415.829987,421.0,409.799988,410.170013,410.170013,44893000,-2.893061286024956,505.8679904268606,413.2380154731393,8.184559907406225,-7.478780998040349,-0.742213103236667,,,,-6.736567894803682
684,2023-09-22,415.720001,421.149994,412.309998,416.100006,416.100006,47923600,1.445740256979744,506.5702898342235,406.9827161657766,14.50036022440102,-8.974931871270485,-2.3887568568434308,,,,-6.586175014427054
685,2023-09-25,415.910004,425.359985,411.769989,422.220001,422.220001,41909100,1.470799065549655,506.967032839996,402.7899739600039,19.26140383758731,-9.556646693644325,-3.82233482420361,,,,-5.734311869440715
686,2023-09-26,420.01001,428.200012,416.549988,419.109985,419.109985,40228200,-0.7365866118692055,506.4427090787752,398.39029562122494,21.74674958148985,-10.151590959679195,-5.088186051298727,,,,-5.063404908380468
687,2023-09-27,423.299988,428.720001,416.290009,424.679993,424.679993,44493500,1.329008661055897,501.9332301137274,396.5837742862726,28.68601387032244,-10.05769661586396,-6.082088164211774,,,,-3.975608451652187
688,2023-09-28,424.600006,434.459991,421.149994,430.890015,430.890015,42466300,1.4622826839878922,495.255828042466,397.0861763575341,35.896861617701674,-9.374128675657005,-6.74049626650082,,,,-2.633632409156185
689,2023-09-29,438.269989,441.440002,433.070007,434.98999,434.98999,39722100,0.951513114083169,487.140139667455,399.345864932545,40.48077233268295,-8.404678538165456,-7.073332720833748,,,,-1.3313458173317079
690,2023-10-02,440.299988,451.75,438.609985,447.820007,447.820007,43329800,2.949497067737128,480.7251484040669,402.03385729593305,49.55074282465064,-6.52588088015159,-6.963842352697316,,,,0.4379614725457266
691,2023-10-03,448.079987,451.299988,432.459991,435.170013,435.170013,47085000,-2.8247942928552483,472.332062552791,405.3959433472091,40.57832628407093,-5.988635730651879,-6.768801028288229,,,,0.7801652976363505
692,2023-10-04,437.420013,441.429993,432.920013,440.410004,440.410004,36182100,1.2041250186050956,467.33472793463176,407.3732798653684,42.917589480589065,-5.081465625139003,-6.431333947658384,,,,1.3498683225193808
693,2023-10-05,440.5,449.0,438.880005,446.880005,446.880005,39348300,1.4690858384770022,464.5639315902256,408.5910763097743,54.00488129666425,-3.7966859399064674,-5.9044043461080005,,,,2.107718406201533
694,2023-10-06,441.929993,457.890015,440.26001,457.619995,457.619995,43339700,2.4033274883265454,464.94397472565504,408.401032574345,58.279546449906185,-1.8900737541555368,-5.1015382277175085,,,,3.2114644735619717
695,2023-10-09,448.420013,456.049988,443.679993,452.730011,452.730011,40967500,-1.068568693114036,465.1013300790418,408.33867842095816,58.04940830876226,-0.764834169830408,-4.234197416140089,,,,3.4693632463096806
696,2023-10-10,453.100006,462.589996,450.880005,457.980011,457.980011,36858200,1.159631540308914,466.67185985320646,407.6961485467936,67.56143304783572,0.5442832728155054,-3.27850127834897,,,,3.8227845511644754
697,2023-10-11,461.959991,468.589996,460.5,468.059998,468.059998,37813700,2.200966583233699,469.5098556981955,406.17915190180446,79.18136947169043,2.367843955540195,-2.149232231571137,,,,4.517076187111332
698,2023-10-12,467.769989,476.089996,463.299988,469.450012,469.450012,48132500,0.2969734662093382,472.336019181078,404.716989818922,78.18278361433386,3.8804599211445634,-0.943293801027997,,,,4.82375372217256
699,2023-10-13,469.600006,471.160004,452.799988,454.609985,454.609985,47411500,-3.161151692546982,473.8747592136596,404.73924828634046,65.66700969969764,3.8375163167474966,0.0128682225271017,,,,3.824648094220395
700,2023-10-16,450.630005,462.25,449.119995,460.950012,460.950012,37509900,1.3946079516929275,476.2706263630747,404.4723819369252,69.6247713309893,4.265895802570299,0.8634737385357412,,,,3.4024220640345577
701,2023-10-17,440.0,447.540009,424.799988,439.380005,439.380005,81233300,-4.679467716338848,476.4014422721224,404.7595653278777,55.99510916946222,2.8322222395817107,1.2572234387449353,,,,1.5749988008367755
702,2023-10-18,425.910004,432.190002,418.25,421.959991,421.959991,62729400,-3.9646806413050073,476.4264005658173,404.6916046341827,46.66317086489212,0.287066938213627,1.0631921386386736,,,,-0.7761252004250465
703,2023-10-19,428.109985,432.970001,418.820007,421.01001,421.01001,50123300,-0.2251353256854105,475.32481924474087,406.8771856552592,44.65024630255341,-1.7860539838064824,0.4933429141496424,,,,-2.2793968979561248
704,2023-10-20,418.899994,424.700012,410.779999,413.869995,413.869995,47638100,-1.695925234651785,475.5689605630665,406.41004323693335,36.41673869460163,-3.959513977026802,-0.3972284640856465,,,,-3.5622855129411555
705,2023-10-23,412.290009,432.480011,409.450012,429.75,429.75,47853000,3.8369548872466464,475.24180368234033,407.4902000176596,47.88611108344169,-4.350463556022419,-1.1878754824730011,,,,-3.1625880735494176
706,2023-10-24,430.769989,436.970001,426.910004,436.630005,436.630005,40146300,1.600931937172767,474.5650729444458,409.9189327555541,48.54436331616828,-4.058352843770933,-1.7619709547325877,,,,-2.2963818890383454
707,2023-10-25,433.980011,436.5,415.549988,417.790009,417.790009,39837900,-4.3148651682790256,475.1424045043142,408.65260279568577,39.77217306692217,-5.286147803188953,-2.466806324423861,,,,-2.819341478765092
708,2023-10-26,418.529999,422.559998,398.799988,403.26001,403.26001,54100100,-3.4778234727963486,477.74454806873376,403.2874587312663,31.383574558917477,-7.346942659676813,-3.442833591474452,,,,-3.904109068202361
709,2023-10-27,411.299988,412.059998,400.149994,405.0,405.0,41602900,0.4314809197172753,479.4593453187972,398.5736624812029,33.29366866870282,-8.738997061088298,-4.5020662853972215,,,,-4.236930775691077
710,2023-10-30,410.869995,417.660004,404.809998,411.609985,411.609985,38802800,1.6320950617283891,479.2016631806824,395.2103424193175,33.92274832547733,-9.20275601306497,-5.442204230930772,,,,-3.7605517821341987
