Date,AMD_Open,AMD_High,AMD_Low,AMD_Close,AMD_Adj _Close,AMD_Volume
10/26/2018,18.49,18.780001,17.049999,17.629999,17.629999,119689000
10/29/2018,18.209999,18.23,16.27,16.85,16.85,94479600
10/30/2018,16.379999,17.24,16.17,17.200001,17.200001,99049400
10/31/2018,17.870001,18.34,17.120001,18.209999,18.209999,110463700
11/1/2018,18.41,20.33,18.08,20.219999,20.219999,136896500
11/2/2018,20.59,21.059999,19.469999,20.23,20.23,123788000
11/5/2018,20.120001,20.18,18.879999,19.9,19.9,108016700
11/6/2018,19.5,21.65,19.48,20.68,20.68,144995700
11/7/2018,21.42,22.219999,21.07,21.84,21.84,121115800
11/8/2018,21.77,22.08,20.969999,21.200001,21.200001,92387600
11/9/2018,20.77,21.190001,20.110001,21.030001,21.030001,85900700
11/12/2018,20.68,20.85,18.799999,19.030001,19.030001,95948200
11/13/2018,19.280001,20.02,18.969999,19.610001,19.610001,76126000
11/14/2018,20.18,21.110001,19.76,20.809999,20.809999,106344300
11/15/2018,20.719999,21.77,20.42,21.49,21.49,97715500
11/16/2018,19.870001,20.969999,19.719999,20.66,20.66,112376600
11/19/2018,20.4,20.59,19.09,19.110001,19.110001,93578200
11/20/2018,17.4,19.58,17.18,19.209999,19.209999,109869400
11/21/2018,20.049999,20.309999,18.5,18.73,18.73,81585600
11/23/2018,18.610001,19.83,18.559999,19.379999,19.379999,54611300
11/26/2018,19.959999,20.190001,19.110001,20.08,20.08,83211000
11/27/2018,19.77,21.450001,19.73,21.049999,21.049999,119230100
11/28/2018,21.82,21.879999,20.18,21.34,21.34,134425300
11/29/2018,21.190001,21.610001,20.73,21.43,21.43,79853700
11/30/2018,21.299999,21.360001,20.52,21.299999,21.299999,82370700
12/3/2018,22.48,23.75,22.370001,23.709999,23.709999,139607400
12/4/2018,23.35,23.42,21.07,21.120001,21.120001,127392900
12/6/2018,20.219999,21.41,20.059999,21.299999,21.299999,103434700
12/7/2018,21.299999,21.379999,19.17,19.459999,19.459999,105764500
12/10/2018,19.35,20.129999,19.27,19.99,19.99,77984500
12/11/2018,20.709999,21.139999,19.690001,19.98,19.98,88027400
12/12/2018,20.32,21.02,19.709999,20.48,20.48,100340700
12/13/2018,20.629999,20.870001,19.76,19.860001,19.860001,88108300
12/14/2018,19.58,20.700001,19.52,19.9,19.9,84713600
12/17/2018,20.01,20.02,18.639999,18.83,18.83,115437900
12/18/2018,19.15,19.84,18.879999,19.5,19.5,101512900
12/19/2018,19.440001,19.719999,18,18.16,18.16,120644500
12/20/2018,18.110001,18.860001,17.34,17.940001,17.940001,119394500
12/21/2018,18.120001,18.34,16.76,16.93,16.93,132246000
12/24/2018,16.52,17.219999,16.370001,16.65,16.65,62933100
12/26/2018,16.879999,17.91,16.030001,17.9,17.9,108811800
12/27/2018,17.43,17.74,16.440001,17.49,17.49,111373000
12/28/2018,17.530001,18.309999,17.139999,17.82,17.82,109214400
12/31/2018,18.15,18.51,17.85,18.459999,18.459999,84732200
1/2/2019,18.01,19,17.98,18.83,18.83,87148700
1/3/2019,18.42,18.68,16.940001,17.049999,17.049999,117277600
1/4/2019,17.549999,19.07,17.43,19,19,111878600
1/7/2019,19.440001,20.68,19,20.57,20.57,107157000
1/8/2019,21.190001,21.200001,19.68,20.75,20.75,121271000
1/9/2019,20.889999,21.440001,20.07,20.190001,20.190001,163944100
1/10/2019,19.76,19.83,18.9,19.74,19.74,115629400
1/11/2019,19.469999,20.35,19.190001,20.27,20.27,85110800
1/14/2019,19.959999,20.620001,19.75,20.23,20.23,71350200
1/15/2019,20.440001,20.68,20.26,20.379999,20.379999,62785800
1/16/2019,20.4,20.540001,19.709999,19.73,19.73,70849300
1/17/2019,19.49,20.51,19.02,20.25,20.25,85018400
1/18/2019,20.370001,21.049999,20.02,20.77,20.77,88131000
1/22/2019,20.48,20.92,19.700001,19.76,19.76,78513700
1/23/2019,20.030001,20.48,19.549999,19.799999,19.799999,77811300
1/24/2019,20.059999,21.01,20.040001,20.85,20.85,97433400
1/25/2019,20.99,22.030001,20.790001,21.93,21.93,110239500
1/28/2019,20.32,21.01,20.02,20.18,20.18,135164100
1/29/2019,20.26,20.389999,19.049999,19.25,19.25,131202500
1/30/2019,21.49,23.129999,21.370001,23.09,23.09,211421200
1/31/2019,23.02,25.139999,22.83,24.41,24.41,182575600
2/1/2019,24.610001,24.84,24.07,24.51,24.51,105356200
2/4/2019,24.43,24.66,24.07,24.129999,24.129999,70843800
2/5/2019,23.42,23.860001,22.98,23.309999,23.309999,122226000
2/6/2019,23.629999,24.139999,23.219999,23.26,23.26,78684300
2/7/2019,22.99,23.219999,22.32,22.67,22.67,86723900
2/8/2019,22.33,23.280001,22.27,23.049999,23.049999,78129300
2/11/2019,23.049999,23.280001,22.66,22.959999,22.959999,60578700
2/12/2019,23.43,23.559999,22.75,22.82,22.82,67595400
2/13/2019,22.98,23.24,22.709999,22.85,22.85,57544200
2/14/2019,22.74,23.370001,22.59,23.129999,23.129999,64441200
2/15/2019,23.58,24.049999,23.200001,23.68,23.68,78644100
2/19/2019,23.629999,24.41,23.610001,23.950001,23.950001,57517900
2/20/2019,24.139999,24.370001,23.9,23.950001,23.950001,57091600
2/21/2019,24.040001,24.33,23.85,23.92,23.92,49608200
2/22/2019,24.049999,24.360001,23.879999,24.360001,24.360001,52650700
2/25/2019,25.01,25.52,24.68,24.709999,24.709999,63221000
2/26/2019,24.65,24.719999,24.15,24.209999,24.209999,48470100
2/27/2019,24.110001,24.23,23.209999,23.48,23.48,62649300
2/28/2019,23.209999,23.67,23.110001,23.530001,23.530001,39384900
3/1/2019,23.969999,24.190001,23.450001,23.68,23.68,48084000
3/4/2019,23.889999,24.129999,23.01,23.370001,23.370001,48147700
3/5/2019,23.34,23.68,23.01,23.5,23.5,35462600
3/6/2019,23.469999,23.530001,22.4,22.41,22.41,60479400
3/7/2019,22.33,22.41,21.73,22.08,22.08,52186300
3/8/2019,21.35,22.09,21.040001,22.01,22.01,49967700
3/11/2019,22.15,23.08,21.98,22.959999,22.959999,54420200
3/12/2019,23.1,23.799999,22.780001,23.49,23.49,56410600
3/13/2019,23.66,24.15,23.35,23.379999,23.379999,56705800
3/14/2019,23.370001,23.49,22.799999,22.82,22.82,42818600
3/15/2019,23.1,23.65,23.01,23.290001,23.290001,46519900
3/18/2019,23.299999,23.620001,23.040001,23.25,23.25,34731800
3/19/2019,23.6,26.08,23.59,26,26,156052200
3/20/2019,26.49,26.879999,25.309999,25.700001,25.700001,151292100
3/21/2019,25.780001,28.110001,25.709999,27.889999,27.889999,129610300
3/22/2019,27.540001,27.75,26.33,26.370001,26.370001,115323300
3/25/2019,26.290001,26.99,25.540001,25.969999,25.969999,78438200
3/26/2019,26.690001,26.98,25.459999,25.690001,25.690001,75754100
3/27/2019,25.700001,25.879999,24.549999,24.889999,24.889999,88585300
3/28/2019,25.1,25.559999,24.65,25.059999,25.059999,64667500
3/29/2019,25.58,25.73,25.25,25.52,25.52,53502800
4/1/2019,26.42,26.559999,25.83,26.360001,26.360001,63000300
4/2/2019,26.51,26.799999,26.09,26.75,26.75,53358800
4/3/2019,28.02,29.950001,27.879999,29.02,29.02,197650500
4/4/2019,28.879999,29.389999,28.610001,29.09,29.09,82191100
4/5/2019,29.639999,29.690001,28.799999,28.98,28.98,65662700
4/8/2019,28.690001,28.950001,28.18,28.530001,28.530001,58002500
4/9/2019,28.24,28.379999,27.190001,27.24,27.24,75539800
4/10/2019,27.459999,28.120001,27.32,27.83,27.83,64368100
4/11/2019,27.809999,28.049999,27.459999,27.790001,27.790001,44801200
4/12/2019,28.209999,28.379999,27.66,27.85,27.85,41048800
4/15/2019,27.799999,27.84,26.959999,27.33,27.33,40812500
4/16/2019,27.719999,28.18,27.49,27.93,27.93,47340100
4/17/2019,28.209999,28.27,27.219999,27.49,27.49,48240800
4/18/2019,27.6,27.879999,27.34,27.68,27.68,39880900
4/22/2019,27.620001,28.23,27.389999,28.18,28.18,36477300
4/23/2019,28.18,28.49,27.790001,27.969999,27.969999,41777500
4/24/2019,28.1,28.85,27.93,28.459999,28.459999,51784700
4/25/2019,28.67,28.860001,27.360001,27.66,27.66,57329700
4/26/2019,27.66,27.9,27.049999,27.879999,27.879999,48827900
4/29/2019,27.9,28.139999,27.5,27.690001,27.690001,44532700
4/30/2019,27.59,27.799999,26.940001,27.629999,27.629999,73165900
5/1/2019,28.950001,29.15,26.780001,26.809999,26.809999,136066900
5/2/2019,26.940001,28.639999,26.610001,28.290001,28.290001,100514800
5/3/2019,28.299999,28.42,27.66,28.219999,28.219999,55503100
5/6/2019,26.719999,27.5,26.450001,27.42,27.42,70344100
5/7/2019,27.200001,27.35,26.209999,26.66,26.66,75868800
5/8/2019,26.41,27.709999,26.27,27.09,27.09,65967500
5/9/2019,26.700001,27.379999,26.030001,27.209999,27.209999,73150900
5/10/2019,27.030001,28.1,26.93,27.959999,27.959999,82930100
5/13/2019,26.98,27.23,26.1,26.24,26.24,99017900
5/14/2019,26.530001,27.48,26.15,27.32,27.32,82980400
5/15/2019,26.870001,27.790001,26.73,27.58,27.58,55689900
5/16/2019,27.370001,28.370001,27.27,28.01,28.01,67330100
5/17/2019,27.690001,28.459999,27.4,27.5,27.5,65385400
5/20/2019,26.98,27.24,26.49,26.68,26.68,69757400
5/21/2019,27.18,27.370001,26.93,27.35,27.35,46079200
5/22/2019,27.120001,27.59,27.07,27.41,27.41,40035300
5/23/2019,26.99,27.1,26.030001,26.360001,26.360001,67809200
5/24/2019,26.610001,26.93,26.4,26.440001,26.440001,39835800
5/28/2019,27.27,29.67,27.059999,29.049999,29.049999,146949600
5/29/2019,29,29.32,27.73,28.09,28.09,99969600
5/30/2019,28.4,28.559999,27.6,28.030001,28.030001,65289100
5/31/2019,27.57,28.360001,27.4,27.41,27.41,68667800
6/3/2019,28.75,29.620001,27.290001,27.58,27.58,147532200
6/4/2019,28.389999,29.59,27.91,29.57,29.57,107549500
6/5/2019,29.93,29.99,29.030001,29.5,29.5,79481500
6/6/2019,29.870001,31.98,29.84,31.82,31.82,131267800
6/7/2019,31.940001,32.599998,31.57,32.41,32.41,86841100
6/10/2019,33.529999,34.299999,33.080002,33.23,33.23,97668800
6/11/2019,33.43,33.490002,31.82,32.41,32.41,82834900
6/12/2019,32,32.57,31.92,32.18,32.18,56298700
6/13/2019,32.389999,32.5,31.059999,31.389999,31.389999,63556000
6/14/2019,30.700001,30.959999,30.02,30.360001,30.360001,70373000
6/17/2019,30.25,30.450001,29.18,29.200001,29.200001,70865700
6/18/2019,29.76,30.969999,29.58,30.450001,30.450001,86444500
6/19/2019,30.67,30.790001,30.059999,30.5,30.5,63233900
6/20/2019,31.24,31.360001,29.84,30.01,30.01,72418200
6/21/2019,29.65,30.35,28.969999,29.1,29.1,81861300
6/24/2019,29.32,29.4,28.67,29.26,29.26,55724800
6/25/2019,29.26,29.719999,28.799999,28.860001,28.860001,53680900
6/26/2019,29.98,30.48,29.780001,29.92,29.92,65064200
6/27/2019,30.41,30.959999,30.209999,30.74,30.74,55623300
6/28/2019,31.08,31.110001,30.33,30.370001,30.370001,50090900
7/1/2019,31.790001,32.040001,30.870001,31.200001,31.200001,60275900
7/2/2019,30.959999,31.26,30.73,31.24,31.24,37721700
7/3/2019,31.129999,31.33,30.74,31.190001,31.190001,23462000
7/5/2019,30.879999,31.559999,30.75,31.5,31.5,34011900
7/8/2019,31.799999,32.150002,31.26,32.040001,32.040001,49689400
7/9/2019,31.76,33.18,30.1,33.150002,33.150002,61419800
7/10/2019,33.560001,34.029999,33.360001,33.790001,33.790001,60388400
7/11/2019,33.91,34,32.759998,33.060001,33.060001,63081800
7/12/2019,32.759998,33.389999,32.59,33.209999,33.209999,51509700
7/15/2019,33.34,34.549999,33.27,34.389999,34.389999,65565200
7/16/2019,34.299999,34.860001,33.799999,33.849998,33.849998,66912700
7/17/2019,34.009998,34.299999,33.490002,33.599998,33.599998,42557900
7/18/2019,33.029999,33.459999,32.419998,33,33,58473900
7/19/2019,33.080002,33.349998,32.450001,32.509998,32.509998,44617700
7/22/2019,32.799999,33.310001,32.740002,32.849998,32.849998,37777300
7/23/2019,33.169998,33.5,32.93,33.490002,33.490002,38532500
7/24/2019,33.639999,34.360001,33.450001,34.110001,34.110001,41952300
7/25/2019,34.049999,34.25,33.619999,33.669998,33.669998,36705600
7/26/2019,34.23,34.77,33.869999,34.02,34.02,43502800
7/29/2019,34.139999,34.18,32.98,33.48,33.48,45922000
7/30/2019,33.209999,33.939999,32.939999,33.869999,33.869999,72198900
7/31/2019,32.080002,32.299999,30.299999,30.450001,30.450001,119190000
8/1/2019,30.5,31.48,29.1,29.860001,29.860001,80878900
8/2/2019,29.48,29.73,28.940001,29.440001,29.440001,60410900
8/5/2019,28.26,28.49,27.65,27.99,27.99,74333200
8/6/2019,28.860001,29.049999,28.200001,28.860001,28.860001,60578400
8/7/2019,28.469999,29.280001,28.370001,29.190001,29.190001,58577500
8/8/2019,31.530001,34.27,31.48,33.919998,33.919998,167278800
8/9/2019,33.450001,35.549999,33.080002,34.189999,34.189999,132483900
8/12/2019,34.16,34.650002,32.080002,32.43,32.43,106936000
8/13/2019,32.360001,33.139999,31.719999,32.110001,32.110001,102009700
8/14/2019,31,31.049999,29.51,30.24,30.24,127521500
8/15/2019,30.629999,30.73,29.209999,29.67,29.67,71674400
8/16/2019,30.309999,31.48,30.209999,31.18,31.18,70469800
8/19/2019,32,32.189999,31.42,31.48,31.48,67596900
8/20/2019,30.940001,31.309999,30.450001,30.719999,30.719999,47924000
8/21/2019,31.049999,31.74,30.84,31.700001,31.700001,41441500
8/22/2019,31.76,31.92,30.98,31.9,31.9,47667900
8/23/2019,31.299999,31.83,29.4,29.540001,29.540001,83681100
8/26/2019,30.34,30.719999,29.940001,30.280001,30.280001,50612500
8/27/2019,30.6,30.889999,29.6,30.200001,30.200001,53229200
8/28/2019,29.92,31.18,29.700001,30.780001,30.780001,55835900
8/29/2019,31.469999,31.83,31.33,31.450001,31.450001,44422800
8/30/2019,31.6,31.870001,31.129999,31.450001,31.450001,40307000
9/3/2019,30.83,31.139999,30.68,30.9,30.9,38029300
9/4/2019,31.32,31.83,30.85,30.950001,30.950001,46614600
9/5/2019,31.790001,32.049999,31.120001,31.5,31.5,57861200
9/6/2019,31.5,31.51,30.48,30.559999,30.559999,51673000
9/9/2019,30.93,31.18,30.24,30.5,30.5,54413200
9/10/2019,30.219999,30.379999,29.77,30.23,30.23,48604800
9/11/2019,30.379999,30.43,29.51,29.76,29.76,50631700
9/12/2019,30.08,30.84,29.950001,30.209999,30.209999,53618300
9/13/2019,30.27,30.85,29.950001,30.690001,30.690001,47758800
9/16/2019,30.370001,31.15,30.26,30.83,30.83,52248500
9/17/2019,31.07,31.32,30.74,30.99,30.99,35011700
9/18/2019,30.75,30.889999,29.879999,30.42,30.42,47027500
9/19/2019,30.57,30.959999,30.139999,30.290001,30.290001,41603000
9/20/2019,30.360001,30.469999,29.65,30.049999,30.049999,79957400
9/23/2019,30.120001,30.799999,30.07,30.639999,30.639999,44366800
9/24/2019,30.540001,30.75,29.290001,29.52,29.52,72963000
9/25/2019,29.48,29.65,28.549999,29.540001,29.540001,58234800
9/26/2019,29.67,29.77,29,29.469999,29.469999,40745400
9/27/2019,29.17,29.77,28.35,28.719999,28.719999,54091100
9/30/2019,28.889999,29.049999,28.360001,28.99,28.99,37295600
10/1/2019,29.049999,29.540001,28.639999,28.76,28.76,37081800
10/2/2019,28.5,28.85,28.030001,28.309999,28.309999,43640700
10/3/2019,28.280001,28.780001,27.43,28.68,28.68,56325200
10/4/2019,28.83,29.059999,28.280001,29.01,29.01,34446700
10/7/2019,28.9,29.629999,28.84,28.93,28.93,39337200
10/8/2019,28.549999,28.639999,27.92,28.23,28.23,44265700
10/9/2019,28.799999,28.950001,28.35,28.459999,28.459999,35661500
10/10/2019,28.52,28.889999,28,28.379999,28.379999,40660100
10/11/2019,28.83,30.200001,28.809999,29.75,29.75,66256900
10/14/2019,29.709999,30.610001,29.379999,30.530001,30.530001,44473700
10/15/2019,30.700001,30.92,30.17,30.719999,30.719999,41600700
10/16/2019,30.6,31.41,30.530001,30.809999,30.809999,42804400
10/17/2019,31.299999,31.4,30.860001,31.139999,31.139999,36884400
10/18/2019,31.059999,31.33,30.290001,30.969999,30.969999,39681700
10/21/2019,31.5,32.259998,31.41,32.029999,32.029999,52182800
10/22/2019,32.060001,32.150002,31.5,31.51,31.51,36185200
10/23/2019,31.09,31.65,30.83,31.360001,31.360001,26582200
10/24/2019,31.58,31.860001,31.34,31.719999,31.719999,27808000
10/25/2019,31.9,32.860001,31.83,32.709999,32.709999,45368800
10/28/2019,33.16,33.91,33.150002,33.689999,33.689999,51223600
10/29/2019,33.73,33.900002,32.700001,33.029999,33.029999,78700100
10/30/2019,32.93,33.34,32.029999,33.130001,33.130001,78228800
10/31/2019,32.98,34.34,32.82,33.93,33.93,67881600
11/1/2019,34.369999,35,34.099998,34.889999,34.889999,64238600
11/4/2019,35.189999,36.450001,34.759998,36.290001,36.290001,83343800
11/5/2019,36.560001,37.18,35.98,36.150002,36.150002,84848600
11/6/2019,36.060001,36.48,35.52,35.93,35.93,51675100
11/7/2019,36.52,36.990002,36.029999,36.279999,36.279999,54350200
11/8/2019,36.060001,36.580002,36,36.290001,36.290001,39353900
11/11/2019,35.959999,36.66,35.580002,36.310001,36.310001,43511100
11/12/2019,36.43,37.130001,36.400002,36.709999,36.709999,58664500
11/13/2019,36.650002,37.959999,36.580002,37.52,37.52,67648300
11/14/2019,37.509998,38.5,37.360001,38.349998,38.349998,65829500
11/15/2019,38.939999,39.369999,38.34,38.560001,38.560001,62958500
11/18/2019,38.650002,39.990002,38.599998,39.880001,39.880001,66102800
11/19/2019,40.139999,41.790001,39.689999,41.290001,41.290001,94373000
11/20/2019,40.959999,41.75,40.07,40.98,40.98,79767900
11/21/2019,40.419998,40.709999,38.639999,39.52,39.52,88069400
11/22/2019,39.360001,39.889999,38.189999,39.150002,39.150002,56931900
11/25/2019,39.5,40.169998,39.490002,39.790001,39.790001,45769500
11/26/2019,39.299999,39.48,38.810001,38.990002,38.990002,43603300
11/27/2019,39.459999,39.759998,39.07,39.41,39.41,33630100
11/29/2019,39.099998,39.52,39.02,39.150002,39.150002,17609900
12/2/2019,39.32,39.41,38.439999,38.73,38.73,35710200
12/3/2019,37.34,38.93,37.150002,38.900002,38.900002,51556400
12/4/2019,39.380001,39.82,39.130001,39.689999,39.689999,44299400
12/5/2019,39.950001,40.220001,39.549999,39.619999,39.619999,35574000
12/6/2019,40.099998,40.189999,39.560001,39.630001,39.630001,31101400
12/9/2019,39.459999,39.84,38.91,38.93,38.93,27928100
12/10/2019,39.200001,39.73,38.82,39.439999,39.439999,33733600
12/11/2019,39.439999,39.610001,39.040001,39.470001,39.470001,31698300
12/12/2019,39.400002,42.619999,39.25,42.59,42.59,86878000
12/13/2019,42.349998,42.950001,41.060001,41.150002,41.150002,79927800
12/16/2019,41.73,42.98,41.73,42.349998,42.349998,58824900
12/17/2019,42.509998,43.110001,42.150002,42.77,42.77,44852000
12/18/2019,42.790001,43.060001,42.240002,42.299999,42.299999,39083300
12/19/2019,42.630001,43.34,42.599998,42.830002,42.830002,45883000
12/20/2019,43.439999,44.259998,43.259998,44.150002,44.150002,68104700
12/23/2019,44.580002,45.630001,44.389999,45.459999,45.459999,55886500
12/24/2019,46.099998,46.610001,45.77,46.540001,46.540001,44432200
12/26/2019,46.990002,47.310001,45.66,46.630001,46.630001,57562800
12/27/2019,46.849998,46.880001,45.98,46.18,46.18,36581300
12/30/2019,46.139999,46.169998,44.66,45.52,45.52,41149700
12/31/2019,45.07,46.09,44.919998,45.860001,45.860001,31673200
1/2/2020,46.860001,49.25,46.630001,49.099998,49.099998,80331100
1/3/2020,48.029999,49.389999,47.540001,48.599998,48.599998,73127400
1/6/2020,48.02,48.860001,47.860001,48.389999,48.389999,47934900
1/7/2020,49.349998,49.389999,48.040001,48.25,48.25,58061400
1/8/2020,47.849998,48.299999,47.139999,47.830002,47.830002,53767000
1/9/2020,48.939999,49.959999,48.389999,48.970001,48.970001,76512800
1/10/2020,49.259998,49.290001,48,48.169998,48.169998,44133700
1/13/2020,48.66,48.860001,48.240002,48.75,48.75,34266800
1/14/2020,48.639999,49.040001,47.91,48.209999,48.209999,38563200
1/15/2020,48.23,49.080002,48.119999,48.549999,48.549999,40199900
1/16/2020,49.169998,50.310001,48.990002,49.77,49.77,58898900
1/17/2020,50.200001,51.049999,49.900002,50.93,50.93,57722500
1/21/2020,50.959999,51.810001,50.700001,51.049999,51.049999,49095000
1/22/2020,51.630001,51.880001,51.200001,51.43,51.43,40772200
1/23/2020,51.34,51.75,50.740002,51.709999,51.709999,40135400
1/24/2020,52.279999,52.810001,49.470001,50.349998,50.349998,80004900
1/27/2020,48.450001,49.790001,47.900002,49.259998,49.259998,48878600
1/28/2020,50.029999,50.849998,49.48,50.529999,50.529999,62343800
1/29/2020,47.84,48.07,46.099998,47.509998,47.509998,112349900
1/30/2020,46.490002,48.810001,46.130001,48.779999,48.779999,70460200
1/31/2020,48.400002,48.580002,46.790001,47,47,60322400
2/3/2020,46.400002,48.099998,46.23,48.02,48.02,46983500
2/4/2020,49.209999,49.75,48.610001,49.450001,49.450001,46302100
2/5/2020,50.290001,50.419998,49.310001,49.84,49.84,42737100
2/6/2020,48.799999,49.389999,47.630001,49.32,49.32,48670600
2/7/2020,48.91,50.669998,48.639999,49.73,49.73,53107600
2/10/2020,49.470001,52.299999,49.349998,52.259998,52.259998,60971700
2/11/2020,53.220001,54.48,52.91,53.799999,53.799999,74719100
2/12/2020,54.529999,54.849998,53.529999,53.889999,53.889999,45994900
2/13/2020,53.43,55.029999,53.34,54.529999,54.529999,51640000
2/14/2020,55.189999,55.400002,54.560001,55.310001,55.310001,52365400
2/18/2020,54.939999,58.130001,54.84,56.889999,56.889999,70133200
2/19/2020,57.990002,59.27,57.509998,58.900002,58.900002,58597300
2/20/2020,58.439999,59.02,56.150002,57.27,57.27,74203400
2/21/2020,56.709999,56.799999,52.889999,53.279999,53.279999,88271100
2/24/2020,48.18,50.279999,47.490002,49.119999,49.119999,86624100
2/25/2020,51.139999,51.240002,47.119999,47.57,47.57,88699400
2/26/2020,47.700001,49.290001,47.07,47.490002,47.490002,86378400
2/27/2020,45.380001,46.240002,42.209999,44.009998,44.009998,106416200
2/28/2020,41.360001,46.150002,41.040001,45.48,45.48,100331800
3/2/2020,47.419998,47.68,44.66,47.459999,47.459999,102324700
3/3/2020,49.029999,50.200001,45.669998,46.75,46.75,141972300
3/4/2020,48.25,50.139999,47.209999,50.110001,50.110001,93311800
3/5/2020,48.68,49.720001,47.509998,48.110001,48.110001,98302700
3/6/2020,49.439999,49.540001,46.740002,48.59,48.59,124590900
3/9/2020,43.029999,46.34,42.509998,43.27,43.27,80859800
3/10/2020,45.41,45.439999,43.099998,45.380001,45.380001,76228200
3/11/2020,44.189999,45.970001,43.799999,45.700001,45.700001,101601100
3/12/2020,42,42.5,39,39.009998,39.009998,107461500
3/13/2020,42.200001,43.91,39.599998,43.900002,43.900002,86689700
3/16/2020,39.080002,43.369999,38.509998,38.709999,38.709999,84545900
3/17/2020,40.189999,42.880001,38.299999,41.880001,41.880001,92741900
3/18/2020,39.540001,41.950001,36.75,39.119999,39.119999,106949300
3/19/2020,39.560001,41.700001,37.689999,39.82,39.82,88939000
3/20/2020,41.509998,42.48,39.580002,39.610001,39.610001,106859500
3/23/2020,40.619999,42.32,38.950001,41.639999,41.639999,101704700
3/24/2020,44.040001,46.810001,43.990002,46.220001,46.220001,106794200
3/25/2020,46.790001,47.880001,44.43,44.630001,44.630001,93760400
3/26/2020,45.779999,47.5,45.400002,47.5,47.5,73680200
3/27/2020,46.32,47.98,45.900002,46.580002,46.580002,74599200
3/30/2020,47.240002,48.459999,46.66,47.860001,47.860001,68486600
3/31/2020,47.93,48.529999,45.16,45.48,45.48,83483700
4/1/2020,44.18,46.849998,43.16,43.66,43.66,92083100
4/2/2020,43.400002,45.279999,43.099998,44.490002,44.490002,79024100
4/3/2020,44.299999,44.84,41.700001,42.59,42.59,79335000
4/6/2020,44.299999,47.580002,44.060001,47.52,47.52,82294000
4/7/2020,48.959999,49.650002,46.68,47.560001,47.560001,102098700
4/8/2020,48.07,49,47.610001,48.790001,48.790001,64930800
4/9/2020,49.650002,50.25,47.720001,48.380001,48.380001,80270100
4/13/2020,48.470001,51.07,48.23,50.939999,50.939999,64290100
4/14/2020,52.240002,55.139999,52.110001,54.93,54.93,85306800
4/15/2020,53.73,55.57,53.41,54.990002,54.990002,83814000
4/16/2020,55.959999,58.080002,55.630001,56.950001,56.950001,103106500
4/17/2020,57.349998,57.759998,55.549999,56.599998,56.599998,76908800
4/20/2020,55.98,58.630001,55.849998,56.970001,56.970001,72367300
4/21/2020,56.900002,57.73,51.41,52.919998,52.919998,123906400
4/22/2020,54.91,56.150002,54.34,55.919998,55.919998,63041600
4/23/2020,56.650002,57.290001,55.639999,55.900002,55.900002,69662700
4/24/2020,55.099998,56.779999,54.419998,56.18,56.18,72761000
4/27/2020,57.439999,58,56.25,56.490002,56.490002,62568100
4/28/2020,57.16,57.349998,55.299999,55.509998,55.509998,80501800
4/29/2020,54.529999,54.860001,52.740002,53.66,53.66,110800900
4/30/2020,53.43,54.290001,52.029999,52.389999,52.389999,65543900
5/1/2020,51.07,51.950001,49.09,49.880001,49.880001,69562700
5/4/2020,49.82,52.610001,49.73,52.560001,52.560001,62590600
5/5/2020,53.43,53.509998,51.290001,52.189999,52.189999,56560500
5/6/2020,52.419998,53.310001,51.880001,52.16,52.16,48138100
5/7/2020,52.93,52.970001,51.619999,51.950001,51.950001,48956600
5/8/2020,52.150002,53.27,51.810001,53.189999,53.189999,40686100
5/11/2020,52.900002,55.889999,52.75,55.740002,55.740002,68746400
5/12/2020,56.209999,56.580002,53.75,53.759998,53.759998,55631100
5/13/2020,54.040001,55.220001,51.299999,52.18,52.18,76824700
5/14/2020,52.099998,54.540001,51.610001,54.509998,54.509998,73814000
5/15/2020,53.32,54.439999,52.860001,54.200001,54.200001,66950900
5/18/2020,54.98,55.25,54.240002,54.59,54.59,48569200
5/19/2020,54.389999,56.73,54.360001,55.470001,55.470001,60388500
5/20/2020,56.549999,56.98,55.630001,56.389999,56.389999,50888200
5/21/2020,56.68,56.720001,54.610001,54.650002,54.650002,48496100
5/22/2020,54.77,55.369999,53.779999,55.169998,55.169998,43524100
5/26/2020,56.009998,56.080002,53.02,53.189999,53.189999,51618900
5/27/2020,53.27,53.279999,49.09,52.740002,52.740002,102414500
5/28/2020,52.25,53.540001,51.25,51.740002,51.740002,53670200
5/29/2020,52.07,53.799999,51.849998,53.799999,53.799999,64666700
6/1/2020,53.310001,54.110001,52.889999,53.630001,53.630001,36864400
6/2/2020,53.450001,53.57,52.009998,53.540001,53.540001,42855200
6/3/2020,53.599998,53.650002,52.330002,52.73,52.73,46765300
6/4/2020,52.59,53.740002,52.200001,52.630001,52.630001,44869100
6/5/2020,52.990002,53.57,52.080002,53.099998,53.099998,53908300
6/8/2020,53.299999,53.349998,52.259998,52.970001,52.970001,39681700
6/9/2020,52.950001,56.459999,52.720001,56.389999,56.389999,79919100
6/10/2020,57.200001,59,57.029999,57.439999,57.439999,78719400
6/11/2020,55.939999,56.68,52.799999,52.830002,52.830002,78715400
6/12/2020,55.009998,55.599998,52.110001,53.5,53.5,71189100
6/15/2020,52.580002,54.73,52.41,54.68,54.68,56740700
6/16/2020,55.720001,56.07,53.59,54.459999,54.459999,50949700
6/17/2020,54.790001,55.82,54.299999,54.549999,54.549999,45146500
6/18/2020,54.619999,55.119999,53.650002,54.040001,54.040001,40354700
6/19/2020,54.41,55.459999,53.82,54.23,54.23,52801500
6/22/2020,54.669998,55.169998,53.740002,54.759998,54.759998,44704800
6/23/2020,55.049999,55.369999,53.869999,53.990002,53.990002,48089000
6/24/2020,53.939999,54.740002,51.919998,52.389999,52.389999,53535500
6/25/2020,52.560001,52.700001,50.540001,51.93,51.93,51129600
6/26/2020,51.849998,51.950001,49.450001,50.099998,50.099998,65485700
6/29/2020,50.150002,50.279999,48.419998,50.279999,50.279999,49905800
6/30/2020,51.16,52.77,50.82,52.610001,52.610001,42275700
7/1/2020,52.630001,52.869999,51.599998,52.580002,52.580002,32370900
7/2/2020,53.029999,53.189999,52.049999,52.34,52.34,29081400
7/6/2020,52.900002,53.52,52.330002,53.400002,53.400002,36769400
7/7/2020,53.279999,54.169998,52.860001,52.93,52.93,32153100
7/8/2020,53.009998,53.470001,52.07,53.43,53.43,35608300
7/9/2020,53.52,57.580002,53.310001,57.259998,57.259998,87216300
7/10/2020,57.540001,58.150002,55.509998,55.880001,55.880001,59839700
7/13/2020,56.68,58.349998,53.380001,53.59,53.59,57741800
7/14/2020,53.299999,54.860001,52.259998,54.720001,54.720001,54890100
7/15/2020,54.959999,55.369999,53.59,55.34,55.34,42360300
7/16/2020,54.68,55.150002,53.740002,54.919998,54.919998,36887100
7/17/2020,55.310001,55.810001,54.68,55.040001,55.040001,34710400
7/20/2020,55.23,57.529999,54.830002,57.459999,57.459999,45034300
7/21/2020,57.810001,58.5,56.32,57,57,44741000
7/22/2020,57.07,62,56.970001,61.790001,61.790001,135159400
7/23/2020,61.630001,62.330002,58.630001,59.57,59.57,106829100
7/24/2020,64.18,69.940002,64.050003,69.400002,69.400002,205314500
7/27/2020,69.279999,71.629997,67.790001,68.970001,68.970001,107918100
7/28/2020,68.099998,69.800003,67.019997,67.610001,67.610001,94181400
7/29/2020,75.5,77.190002,73.900002,76.089996,76.089996,132969700
7/30/2020,75.370003,78.959999,75.07,78.199997,78.199997,80286900
7/31/2020,78.669998,78.959999,75.360001,77.43,77.43,71621600
8/3/2020,78.190002,78.5,77.059998,77.669998,77.669998,42628800
8/4/2020,78.029999,85.809998,77.989998,85.040001,85.040001,155676100
8/5/2020,84.959999,86.32,83.32,85.309998,85.309998,65642600
8/6/2020,85.489998,86.980003,84.779999,86.709999,86.709999,53961700
8/7/2020,86.669998,87.290001,82.669998,84.849998,84.849998,66543200
8/10/2020,85.050003,85.160004,79.32,82.239998,82.239998,70536100
8/11/2020,80.709999,80.709999,76.099998,76.879997,76.879997,77877700
8/12/2020,78.43,82.879997,77.550003,82.610001,82.610001,88513700
8/13/2020,82.879997,84.019997,81.540001,81.839996,81.839996,57407400
8/14/2020,81.809998,83.239998,80.879997,81.300003,81.300003,42389500
8/17/2020,82.089996,83.059998,81.550003,82.419998,82.419998,31450200
8/18/2020,82.800003,82.879997,81.029999,81.660004,81.660004,30970500
8/19/2020,81.779999,81.849998,80.449997,81.089996,81.089996,37507400
8/20/2020,79.739998,82.839996,79.120003,82.769997,82.769997,42948900
8/21/2020,83.290001,84.410004,82.230003,83.809998,83.809998,48280300
8/24/2020,84.550003,85.330002,82.550003,83.080002,83.080002,38036100
8/25/2020,83.360001,86.620003,82.349998,86.349998,86.349998,49234400
8/26/2020,86.970001,87.720001,85.199997,86.019997,86.019997,47157300
8/27/2020,86.349998,86.580002,82.940002,83.800003,83.800003,42194200
8/28/2020,84.300003,86.040001,84.190002,85.550003,85.550003,40723300
8/31/2020,85.050003,92.639999,85.050003,90.82,90.82,90655900
9/1/2020,91.919998,92.510002,90.190002,92.18,92.18,55825600
9/2/2020,94.010002,94.279999,88.739998,90.220001,90.220001,50366900
9/3/2020,87.839996,88.470001,81.589996,82.540001,82.540001,87462700
9/4/2020,81.449997,84.389999,76.330002,82.010002,82.010002,82267800
9/8/2020,78.050003,81.879997,78,78.690002,78.690002,54955700
9/9/2020,81.400002,82.440002,79.279999,81.910004,81.910004,54163900
9/10/2020,83.07,83.309998,78.379997,78.980003,78.980003,51499400
9/11/2020,79.82,79.989998,75.040001,76.339996,76.339996,54763000
9/14/2020,76.800003,78.82,76.260002,77.900002,77.900002,47448700
9/15/2020,77.660004,80.330002,75.970001,78.93,78.93,57874400
9/16/2020,79.349998,79.720001,76.540001,76.660004,76.660004,38393500
9/17/2020,74.879997,76.629997,74.199997,76.550003,76.550003,55619100
9/18/2020,77,77.400002,73.849998,74.93,74.93,51082900
9/21/2020,74.230003,77.980003,73.879997,77.940002,77.940002,61312000
9/22/2020,78.360001,78.790001,75.269997,77.699997,77.699997,56044700
9/23/2020,77.389999,77.910004,74.339996,74.730003,74.730003,42327500
9/24/2020,74.540001,77.25,73.900002,75.82,75.82,57540900
9/25/2020,76.349998,78.199997,74.669998,78.059998,78.059998,48206200
9/28/2020,79.120003,79.57,77.519997,79.480003,79.480003,48005500
9/29/2020,79.300003,82.550003,79.300003,81.769997,81.769997,61568900
9/30/2020,81.75,82.940002,80.660004,81.989998,81.989998,51533700
10/1/2020,83.059998,85.25,82.860001,84.860001,84.860001,52177100
10/2/2020,82.580002,84.650002,81.660004,81.800003,81.800003,52855100
10/5/2020,82.550003,86.279999,82.550003,86.150002,86.150002,47056500
10/6/2020,86.209999,87.25,83.540001,84.480003,84.480003,52725400
10/7/2020,86.099998,87.790001,85.650002,86.690002,86.690002,43045700
10/8/2020,88.110001,88.720001,85.949997,86.510002,86.510002,54240700
10/9/2020,84.739998,85.75,82.349998,83.099998,83.099998,80354400
10/12/2020,83.650002,85.129997,83.120003,84.290001,84.290001,47669700
10/13/2020,84.860001,86.089996,83.970001,85.279999,85.279999,42764100
10/14/2020,85.860001,85.959999,83.459999,84.209999,84.209999,40403000
10/15/2020,83.400002,84.720001,82.419998,83.129997,83.129997,33696400
10/16/2020,83.540001,83.989998,82.410004,83.169998,83.169998,31474300
10/19/2020,83.620003,84.650002,81.529999,82,82,36689100
10/20/2020,82.160004,82.690002,80.580002,81.559998,81.559998,38219400
10/21/2020,81.720001,81.93,79.190002,79.199997,79.199997,36426400
10/22/2020,79.650002,80.82,78.419998,79.419998,79.419998,38006800
10/23/2020,80.93,81.989998,79.330002,81.959999,81.959999,46557700
10/26/2020,82.550003,84.970001,80.860001,82.230003,82.230003,69423700
10/27/2020,82,82.370003,77.57,78.879997,78.879997,156669500
10/28/2020,78.730003,78.959999,75.760002,76.400002,76.400002,76529900
10/29/2020,76.75,79.18,76.290001,78.019997,78.019997,52784100
10/30/2020,77.089996,77.699997,74.230003,75.290001,75.290001,51349000
11/2/2020,75.849998,76.339996,73.760002,74.699997,74.699997,45760700
11/3/2020,74.93,77.080002,74.599998,76.580002,76.580002,41231800
11/4/2020,80.25,81.849998,78.970001,81.349998,81.349998,66579700
11/5/2020,83.269997,83.5,81.849998,83,83,46542300
11/6/2020,83.519997,86.089996,82.669998,85.879997,85.879997,53829900
11/9/2020,84.239998,87.050003,82.769997,83.120003,83.120003,58580700
11/10/2020,81.93,82.129997,77.629997,77.989998,77.989998,67137200
11/11/2020,79.389999,81.470001,78.970001,81.279999,81.279999,44611300
11/12/2020,81.32,83,80.300003,81.839996,81.839996,37242600
11/13/2020,82.730003,83.110001,80.699997,81.43,81.43,30423200
11/16/2020,81.209999,83.779999,80.480003,83.730003,83.730003,38640800
11/17/2020,83.93,84.809998,82.910004,83.360001,83.360001,29473500
11/18/2020,83.010002,83.959999,82.220001,82.540001,82.540001,29968000
11/19/2020,82.389999,85.639999,81.720001,85.540001,85.540001,50116800
11/20/2020,85.279999,86.099998,84.470001,84.639999,84.639999,35008400
11/23/2020,85.519997,87.540001,84.620003,85.309998,85.309998,46505000
11/24/2020,85.720001,86.110001,83.32,85.07,85.07,36839200
11/25/2020,85.760002,87.839996,85.519997,86.709999,86.709999,41349700
11/27/2020,87.989998,88,86.360001,87.190002,87.190002,22717600
11/30/2020,87.330002,92.739998,86.529999,92.660004,92.660004,84483000
12/1/2020,92.25,93.900002,90.779999,92.629997,92.629997,58583600
12/2/2020,92.889999,96.370003,92.529999,93.739998,93.739998,57988800
12/3/2020,94.059998,94.699997,92.010002,92.309998,92.309998,35859700
12/4/2020,92.580002,94.580002,90.629997,94.040001,94.040001,45570300
12/7/2020,94.949997,95,92.970001,94.07,94.07,39815700
12/8/2020,94.050003,94.739998,91.900002,92.919998,92.919998,33907500
12/9/2020,92.760002,94.699997,89.160004,89.830002,89.830002,52170400
12/10/2020,89.550003,92.089996,89.029999,91.660004,91.660004,33804400
12/11/2020,91.540001,92.330002,90.160004,91.650002,91.650002,28368100
12/14/2020,92.209999,95.410004,91.849998,94.779999,94.779999,48026400
12/15/2020,95.93,97.980003,95.449997,97.120003,97.120003,57232700
12/16/2020,97.040001,97.269997,95.459999,96.849998,96.849998,34909000
12/17/2020,97.550003,97.919998,96.25,96.839996,96.839996,32023700
12/18/2020,97.269997,97.68,93.559998,95.919998,95.919998,51823100
12/21/2020,94.25,95.279999,91.080002,93.230003,93.230003,47093900
12/22/2020,93.360001,93.550003,90.529999,93.160004,93.160004,35673700
12/23/2020,93.080002,93.129997,91.459999,91.550003,91.550003,25993300
12/24/2020,91.800003,92.510002,91.309998,91.809998,91.809998,16705900
12/28/2020,92.93,93.139999,90.82,91.599998,91.599998,30627300
12/29/2020,91.660004,92.459999,89.43,90.620003,90.620003,31748200
12/30/2020,90.779999,92.849998,90.190002,92.290001,92.290001,25845000
12/31/2020,92.099998,92.300003,90.870003,91.709999,91.709999,24930700
1/4/2021,92.110001,96.059998,90.919998,92.300003,92.300003,51802600
1/5/2021,92.099998,93.209999,91.410004,92.769997,92.769997,34208000
1/6/2021,91.620003,92.279999,89.459999,90.330002,90.330002,51911700
1/7/2021,91.330002,95.510002,91.199997,95.160004,95.160004,42897200
1/8/2021,95.980003,96.400002,93.269997,94.580002,94.580002,39816400
1/11/2021,94.029999,99.230003,93.760002,97.25,97.25,48600200
1/12/2021,97.860001,98.970001,94.07,95.360001,95.360001,67672300
1/13/2021,93.010002,93.889999,90.839996,91.779999,91.779999,60712900
1/14/2021,91.769997,92.360001,90.449997,90.790001,90.790001,53408200
1/15/2021,90.75,91.589996,87.860001,88.209999,88.209999,49340300
1/19/2021,89.559998,89.580002,87.239998,89.449997,89.449997,45115100
1/20/2021,90.550003,90.779999,88.599998,88.75,88.75,35185800
1/21/2021,89.339996,92.07,88.43,91.529999,91.529999,54221900
1/22/2021,94.419998,95.949997,91.879997,92.790001,92.790001,71294700
1/25/2021,94.139999,95.739998,91.400002,94.129997,94.129997,55086900
1/26/2021,94.910004,95.720001,93.629997,94.709999,94.709999,59449100
1/27/2021,91.099998,91.879997,86.220001,88.839996,88.839996,73341200
1/28/2021,89.830002,89.879997,87.300003,87.519997,87.519997,47048400
1/29/2021,87.559998,88.330002,85.019997,85.639999,85.639999,56735800
2/1/2021,86.830002,87.949997,84.660004,87.660004,87.660004,42359300
2/2/2021,88.489998,89.279999,86.949997,88.860001,88.860001,33850000
2/3/2021,88.599998,89.480003,87.339996,87.889999,87.889999,32312900
2/4/2021,88.220001,88.599998,87.059998,87.839996,87.839996,30791600
2/5/2021,88.150002,88.360001,86.879997,87.900002,87.900002,30268700
2/8/2021,88.309998,91.989998,87.980003,91.470001,91.470001,47639900
2/9/2021,91.389999,93.300003,90.550003,90.910004,90.910004,37596400
2/10/2021,91.5,93.269997,90.459999,92.349998,92.349998,42441300
2/11/2021,92.900002,93.650002,91.330002,92.660004,92.660004,35571000
2/12/2021,92.75,94.220001,91.900002,93.769997,93.769997,38538400
2/16/2021,93.900002,94,90.75,91.459999,91.459999,35105900
2/17/2021,90.559998,90.959999,88.57,89.940002,89.940002,32245500
2/18/2021,89.089996,89.599998,87.309998,88.639999,88.639999,35624900
2/19/2021,89.75,90.419998,88.690002,89.580002,89.580002,29548300
2/22/2021,88.150002,88.300003,85.209999,85.370003,85.370003,36930200
2/23/2021,83.400002,85.110001,79.360001,84.739998,84.739998,49720900
2/24/2021,84.330002,87.089996,82.809998,86.940002,86.940002,40821200
2/25/2021,86.169998,87.089996,81.919998,82.419998,82.419998,54625100
2/26/2021,83.57,85.589996,82.910004,84.510002,84.510002,48962900
3/1/2021,85.370003,86.5,83.970001,86.389999,86.389999,32746200
3/2/2021,86.919998,86.949997,84.040001,84.129997,84.129997,34828200
3/3/2021,84.279999,84.379997,80.849998,80.860001,80.860001,43541000
3/4/2021,80.230003,81.809998,76.779999,77.75,77.75,60549400
3/5/2021,79,79.480003,74.199997,78.519997,78.519997,58548900
3/8/2021,78.029999,79,73.860001,73.959999,73.959999,54563900
3/9/2021,76.730003,79.220001,75.769997,78.529999,78.529999,45088300
3/10/2021,79.75,80.040001,77.410004,77.519997,77.519997,45416600
3/11/2021,79.400002,81.889999,79.370003,81.230003,81.230003,43583700
3/12/2021,79.730003,81.190002,79.230003,81.050003,81.050003,32938000
3/15/2021,81.910004,83.389999,81.199997,82.5,82.5,39086800
3/16/2021,83.660004,84.75,82.260002,82.75,82.75,42971600
3/17/2021,81.75,83.25,80.410004,82.629997,82.629997,43320600
3/18/2021,81.059998,81.620003,78.010002,78.120003,78.120003,51036500
3/19/2021,78.489998,79.339996,77.589996,79.059998,79.059998,42283400
3/22/2021,79.989998,81.269997,79.220001,80.300003,80.300003,39648600
3/23/2021,80.129997,80.339996,77.949997,78.379997,78.379997,40466600
3/24/2021,77.550003,78.800003,76.400002,76.480003,76.480003,43753600
3/25/2021,75.849998,76.949997,74.959999,76.220001,76.220001,44735100
3/26/2021,76.620003,77.5,75.029999,77.410004,77.410004,49148700
3/29/2021,77.029999,78.019997,76.260002,77.139999,77.139999,37144300
3/30/2021,76.470001,76.559998,74.849998,76,76,39169300
3/31/2021,76.57,79.129997,76.519997,78.5,78.5,43659500
4/1/2021,80.160004,81.309998,79.480003,81.089996,81.089996,40182400
4/5/2021,81.739998,81.900002,80.389999,81.43,81.43,32610600
4/6/2021,81.209999,82.459999,80.879997,81.440002,81.440002,29327900
4/7/2021,81.32,83.099998,80.349998,82.199997,82.199997,35590900
4/8/2021,83.32,83.790001,82.440002,83.349998,83.349998,41925300
4/9/2021,82.800003,83.589996,82.160004,82.760002,82.760002,32759900
4/12/2021,82.059998,82.18,78.029999,78.580002,78.580002,62098800
4/13/2021,79.669998,80.720001,78.980003,80.190002,80.190002,37767300
4/14/2021,79.879997,80.129997,77.940002,78.550003,78.550003,34263800
4/15/2021,80.32,83.949997,79.970001,83.010002,83.010002,68942800
4/16/2021,83.300003,83.589996,81.529999,82.150002,82.150002,47280600
4/19/2021,82.129997,83.18,80.389999,81.110001,81.110001,39115500
4/20/2021,80.82,81.110001,78.510002,79.269997,79.269997,34977800
4/21/2021,78.989998,81.660004,78.860001,81.610001,81.610001,35069000
4/22/2021,81.610001,81.790001,78.589996,79.059998,79.059998,38846100
4/23/2021,80.209999,83.300003,79.959999,82.760002,82.760002,49194000
4/26/2021,83.349998,85.900002,82.699997,85.410004,85.410004,57594500
4/27/2021,85.669998,87.150002,85.129997,85.209999,85.209999,61909900
4/28/2021,88.849998,89.199997,83.919998,84.019997,84.019997,108920300
4/29/2021,84.699997,85.269997,82.629997,83.910004,83.910004,51294500
4/30/2021,82.970001,84.099998,81.419998,81.620003,81.620003,46601900
5/3/2021,81.970001,82,78.459999,78.550003,78.550003,66323300
5/4/2021,77.949997,78.669998,77.040001,78.610001,78.610001,59194300
5/5/2021,79.050003,79.300003,77.360001,77.830002,77.830002,42310200
5/6/2021,77.629997,78.059998,76.470001,77.889999,77.889999,38661300
5/7/2021,78.75,79.57,78.220001,78.809998,78.809998,36954200
5/10/2021,78.199997,78.300003,75.919998,75.989998,75.989998,45134500
5/11/2021,73.57,76.93,72.75,76.830002,76.830002,51008200
5/12/2021,75.089996,76.129997,74.160004,74.639999,74.639999,42531400
5/13/2021,75.209999,75.699997,72.5,73.089996,73.089996,48646800
5/14/2021,74.019997,75.029999,72.720001,74.589996,74.589996,38355800
5/17/2021,74.220001,75.519997,73.410004,74.650002,74.650002,40779200
5/18/2021,74.739998,75.769997,74.239998,74.440002,74.440002,31982500
5/19/2021,73.160004,76.970001,72.760002,76.230003,76.230003,73966200
5/20/2021,76.809998,78.269997,76.25,78.059998,78.059998,49135000
5/21/2021,78.550003,78.809998,77.040001,77.169998,77.169998,40201100
5/24/2021,77.260002,78.010002,76.800003,77.440002,77.440002,33194300
5/25/2021,77.330002,78.769997,76.839996,77.860001,77.860001,47353100
5/26/2021,77.830002,78.589996,77.589996,78.339996,78.339996,30354000
5/27/2021,78.110001,78.43,77.470001,78.419998,78.419998,35883200
5/28/2021,78.660004,81.089996,78.660004,80.080002,80.080002,40952700
6/1/2021,81.010002,82.910004,80.660004,80.809998,80.809998,43433000
6/2/2021,81,82.599998,80.660004,81.970001,81.970001,35203200
6/3/2021,81.129997,81.889999,80.260002,80.279999,80.279999,29812000
6/4/2021,80.919998,82.190002,80.809998,81.580002,81.580002,26387800
6/7/2021,81.400002,81.68,80.379997,81.349998,81.349998,29006800
6/8/2021,81.870003,82.650002,80.449997,80.889999,80.889999,26956600
6/9/2021,81.089996,81.68,79.800003,79.959999,79.959999,28454600
6/10/2021,80.019997,81.709999,79.699997,81.559998,81.559998,28606400
6/11/2021,81.610001,82.330002,80.699997,81.309998,81.309998,24310900
6/14/2021,81.510002,81.550003,80.199997,81.550003,81.550003,27830200
6/15/2021,81.589996,81.68,80.220001,80.470001,80.470001,26194300
6/16/2021,80.75,81.449997,78.959999,80.110001,80.110001,29598300
6/17/2021,80.769997,85.370003,80.57,84.559998,84.559998,77822800
6/18/2021,84.279999,85.769997,83.480003,84.650002,84.650002,58736800
6/21/2021,83.489998,84.190002,82.209999,82.589996,82.589996,44417100
6/22/2021,82.900002,84.040001,82.480003,83.580002,83.580002,32107700
6/23/2021,83.830002,84.489998,83.160004,83.82,83.82,25992400
6/24/2021,84.389999,87.139999,84.370003,86.099998,86.099998,42217700
6/25/2021,86.339996,86.360001,85.099998,85.620003,85.620003,27804500
6/28/2021,86.379997,88,86.150002,87.080002,87.080002,30262000
6/29/2021,87.410004,90.300003,86.660004,89.519997,89.519997,46181000
6/30/2021,90.82,94.339996,90.599998,93.93,93.93,70721500
7/1/2021,94.040001,94.18,91.699997,93.309998,93.309998,58059000
7/2/2021,93.279999,95.269997,92.209999,94.699997,94.699997,51316700
7/6/2021,94.879997,95.410004,93.32,94.470001,94.470001,44930100
7/7/2021,95.019997,95.440002,90.309998,90.540001,90.540001,51498500
7/8/2021,87.860001,90.339996,87.449997,89.739998,89.739998,45673500
7/9/2021,90.040001,91.260002,88.529999,90.900002,90.900002,35278400
7/12/2021,91.220001,91.900002,89.650002,90.809998,90.809998,28526600
7/13/2021,90.480003,91.410004,89.830002,90.260002,90.260002,30367600
7/14/2021,90.760002,91.400002,88.940002,89.050003,89.050003,28108500
7/15/2021,89.779999,89.779999,86.18,86.93,86.93,38944700
7/16/2021,87.32,88.029999,85.68,85.889999,85.889999,35860700
7/19/2021,84.989998,87.230003,84.239998,86.580002,86.580002,39244800
7/20/2021,87.089996,87.769997,85.169998,87.110001,87.110001,28089000
7/21/2021,87.25,89.489998,86.900002,89.410004,89.410004,29469900
7/22/2021,89.400002,91.360001,89.080002,91.209999,91.209999,33730100
7/23/2021,91.349998,92.370003,90.190002,92.150002,92.150002,31708900
7/26/2021,92.010002,92.75,91.120003,91.82,91.82,27668500
7/27/2021,92.940002,94.099998,89.099998,91.029999,91.029999,69427000
7/28/2021,93.440002,98.709999,89.650002,97.93,97.93,140561000
7/29/2021,96.580002,105.739998,96.580002,102.949997,102.949997,164091800
7/30/2021,101.599998,106.970001,101.379997,106.190002,106.190002,125632000
8/2/2021,105.93,110.330002,103.830002,108.629997,108.629997,115581900
8/3/2021,108.150002,114.849998,107.660004,112.559998,112.559998,157723100
8/4/2021,114.360001,122.489998,114.160004,118.769997,118.769997,225368700
8/5/2021,116.629997,117.68,111.589996,112.349998,112.349998,137860900
8/6/2021,110.550003,116.260002,109.699997,110.110001,110.110001,143899000
8/9/2021,111.309998,112.330002,107.059998,107.580002,107.580002,115749900
8/10/2021,107.900002,109.169998,104.360001,106.480003,106.480003,113012300
8/11/2021,107.599998,109.790001,105.620003,107.68,107.68,91788300
8/12/2021,107.389999,108.440002,105.860001,106.5,106.5,60578700
8/13/2021,107.169998,111.709999,106.57,110.550003,110.550003,100135700
8/16/2021,110.199997,111.580002,105.870003,107.480003,107.480003,73325400
8/17/2021,106.639999,108.699997,105.349998,107.559998,107.559998,74053900
8/18/2021,107.349998,108.07,103.269997,103.440002,103.440002,79387900
8/19/2021,103.32,106.18,101.980003,103.699997,103.699997,71117500
8/20/2021,104.32,105.980003,103.989998,104.650002,104.650002,55227600
8/23/2021,105.300003,109.019997,104.860001,108.769997,108.769997,68835300
8/24/2021,109.449997,109.610001,107.279999,107.650002,107.650002,51239300
8/25/2021,108.129997,109.910004,107.449997,108.300003,108.300003,45485500
8/26/2021,108.57,109.230003,106.839996,107.269997,107.269997,51442500
8/27/2021,108.010002,111.779999,107.800003,111.400002,111.400002,61030000
8/30/2021,112.610001,114.489998,111.260002,111.32,111.32,56130500
8/31/2021,111.260002,111.260002,109.029999,110.720001,110.720001,49339000
9/1/2021,111.300003,111.849998,109.849998,109.989998,109.989998,38579600
9/2/2021,110.32,110.879997,108.769997,109.199997,109.199997,40090500
9/3/2021,108.849998,111.169998,108.5,109.919998,109.919998,42605800
9/7/2021,109.959999,110.580002,108.660004,109.150002,109.150002,28815200
9/8/2021,108.879997,109.300003,105.519997,106.169998,106.169998,43067900
9/9/2021,106.559998,107.300003,105.839996,106.150002,106.150002,31857900
9/10/2021,106.989998,106.989998,104.980003,105.199997,105.199997,32602300
9/13/2021,105.260002,105.279999,102.629997,104.800003,104.800003,37767800
9/14/2021,105.519997,106.82,104.419998,105.730003,105.730003,40629500
9/15/2021,106,106.32,104.029999,105.599998,105.599998,37998900
9/16/2021,104.919998,106.75,103.760002,106.220001,106.220001,38150300
9/17/2021,105.559998,105.980003,103.709999,103.879997,103.879997,44528300
9/20/2021,101.580002,102.510002,99.510002,101.550003,101.550003,45228400
9/21/2021,102.150002,103.43,101.18,102.82,102.82,35481500
9/22/2021,102.82,104.559998,102.209999,104.379997,104.379997,34126300
9/23/2021,104.889999,106.860001,103.889999,106.150002,106.150002,32816700
9/24/2021,105.190002,106.050003,104.68,105.800003,105.800003,26482600
9/27/2021,105.07,108.440002,103.440002,108.160004,108.160004,51944300
9/28/2021,106.839996,107.650002,101.419998,101.519997,101.519997,74469000
9/29/2021,102.300003,102.660004,99.809998,100.349998,100.349998,52224700
9/30/2021,102.080002,104.440002,101.989998,102.900002,102.900002,57636700
10/1/2021,102.599998,103,100.639999,102.449997,102.449997,41491600
10/4/2021,101.739998,101.849998,99.82,100.339996,100.339996,41967100
10/5/2021,100.919998,102.870003,100.610001,101.809998,101.809998,31455200
10/6/2021,100.449997,103.720001,100.349998,103.639999,103.639999,39071700
10/7/2021,104.599998,107.949997,104.459999,106.449997,106.449997,41543100
10/8/2021,106.550003,107.279999,104.889999,105.059998,105.059998,30623000
10/11/2021,104.620003,107.199997,104.019997,104.68,104.68,31284400
10/12/2021,105.169998,106.040001,104.339996,105.040001,105.040001,34039900
10/13/2021,106.279999,109.879997,106.25,109.160004,109.160004,55631900
10/14/2021,110.5,112.220001,109.629997,111.989998,111.989998,46900200
10/15/2021,112.510002,112.839996,111.110001,112.120003,112.120003,34203000
10/18/2021,111.900002,116.879997,111.370003,116.43,116.43,47537800
10/19/2021,116.160004,117.169998,114.470001,116.330002,116.330002,39593900
10/20/2021,116.290001,118.300003,115.419998,116.389999,116.389999,34244800
10/21/2021,116.5,119.68,116.260002,119.330002,119.330002,34794900
10/22/2021,120.830002,121.559998,118.370003,119.82,119.82,38992700
10/25/2021,120.519997,123.459999,118.599998,122.360001,122.360001,47834100
10/26/2021,122.989998,127.199997,122.580002,122.93,122.93,59458900
10/27/2021,121.629997,128.080002,121.050003,122.279999,122.279999,98245300
10/28/2021,122.860001,123.5,120.260002,121.160004,121.160004,58002500
10/29/2021,120.949997,122.57,119.879997,120.230003,120.230003,43320100
11/1/2021,119.449997,125.669998,118.129997,125.230003,125.230003,54559800
11/2/2021,124.980003,128.460007,124.199997,127.629997,127.629997,53491900
11/3/2021,127.75,130.600006,126.790001,130.529999,130.529999,59537800
11/4/2021,132.009995,139,130.770004,137.5,137.5,84825200
11/5/2021,139.190002,141.220001,134.419998,136.339996,136.339996,64920600
11/8/2021,137.699997,153.600006,137.699997,150.160004,150.160004,141493800
11/9/2021,154.009995,155.649994,143.889999,148.919998,148.919998,98442600
11/10/2021,143.929993,146.300003,138.520004,139.869995,139.869995,82989200
11/11/2021,142.960007,146.470001,140.839996,146.009995,146.009995,67934800
11/12/2021,146.029999,148.589996,144.25,147.889999,147.889999,52162100
11/15/2021,148,148.979996,142.860001,146.490005,146.490005,52271300
11/16/2021,145.929993,153.080002,145.339996,152.449997,152.449997,53100800
11/17/2021,151.979996,154.660004,149.690002,151.339996,151.339996,54527500
11/18/2021,157.070007,158.889999,152.559998,155.020004,155.020004,60612700
11/19/2021,155.759995,156.919998,153.449997,155.410004,155.410004,41668900
11/22/2021,157.139999,161.880005,152.389999,152.520004,152.520004,58674100
11/23/2021,150.410004,152.660004,145.300003,149.919998,149.919998,62852700
11/24/2021,149.460007,157.929993,147.190002,157.800003,157.800003,60677100
11/26/2021,155.800003,158.100006,152.809998,154.809998,154.809998,36245100
11/29/2021,157.5,162.509995,156.100006,161.910004,161.910004,57438900
11/30/2021,163.279999,164.460007,155.679993,158.369995,158.369995,75182500
12/1/2021,160.369995,160.880005,148.919998,149.110001,149.110001,64039100
12/2/2021,147.679993,152.529999,146.470001,150.679993,150.679993,56161200
12/3/2021,151.649994,152.380005,140.720001,144.009995,144.009995,65910000
12/6/2021,141.139999,141.309998,134.199997,139.059998,139.059998,66776500
12/7/2021,143.899994,145.759995,141,144.850006,144.850006,53359400
12/8/2021,144.960007,147.039993,142.699997,145.240005,145.240005,40977500
12/9/2021,145.160004,146.690002,137.800003,138.100006,138.100006,53019900
12/10/2021,141.289993,141.369995,135.820007,138.550003,138.550003,42224300
12/13/2021,138.25,139.399994,133.419998,133.800003,133.800003,42174000
12/14/2021,131.669998,137.240005,130.600006,135.600006,135.600006,50754600
12/15/2021,135.110001,146.690002,133.809998,146.5,146.5,72425800
12/16/2021,147,147.929993,137.020004,138.639999,138.639999,63369600
12/17/2021,136.300003,142.039993,136.110001,137.75,137.75,55642100
12/20/2021,135.970001,138.259995,133.520004,135.800003,135.800003,38195400
12/21/2021,138.190002,144.5,135.149994,144.25,144.25,57785200
12/22/2021,142.649994,144.5,140.270004,143.880005,143.880005,46923700
12/23/2021,143.889999,149.020004,143.850006,146.139999,146.139999,48653800
12/27/2021,147.509995,154.889999,147.25,154.360001,154.360001,53296400
12/28/2021,155.880005,156.729996,151.380005,153.149994,153.149994,58699100
12/29/2021,152.820007,154.339996,147.289993,148.259995,148.259995,51300200
12/30/2021,147.440002,148.850006,144.850006,145.149994,145.149994,44358000
12/31/2021,146.160004,148.610001,143.550003,143.899994,143.899994,49448100
1/3/2022,145.139999,151.649994,145.020004,150.240005,150.240005,59396600
1/4/2022,151.009995,152.419998,140.699997,144.419998,144.419998,80200500
1/5/2022,142.820007,143.759995,135.289993,136.149994,136.149994,65403200
1/6/2022,136.190002,138,131.770004,136.229996,136.229996,64802900
1/7/2022,136.279999,137.440002,131.130005,132,132,58441100
1/10/2022,129.080002,132.419998,125.029999,132,132,84671300
1/11/2022,133.449997,138.990005,131.589996,137.309998,137.309998,77153900
1/12/2022,138.589996,140.570007,135.770004,137.470001,137.470001,69669600
1/13/2022,139.440002,141.25,131.809998,132.740005,132.740005,76618100
1/14/2022,131.679993,137,131.429993,136.880005,136.880005,71078400
1/18/2022,134.5,136.389999,131.589996,131.929993,131.929993,56527400
1/19/2022,133.550003,134.570007,128.020004,128.270004,128.270004,69831800
1/20/2022,126.040001,128.509995,121.410004,121.889999,121.889999,91157300
1/21/2022,120.139999,125.019997,118.389999,118.809998,118.809998,95685300
1/24/2022,115.400002,116.769997,107.5,116.529999,116.529999,116210100
1/25/2022,114.099998,114.82,109.860001,111.129997,111.129997,85102900
1/26/2022,114.550003,117.160004,108.629997,110.709999,110.709999,94752600
1/27/2022,111.959999,112.75,101.940002,102.599998,102.599998,125954100
1/28/2022,101.550003,105.400002,99.349998,105.239998,105.239998,98749500
1/31/2022,107.93,114.309998,106.900002,114.25,114.25,97206000
2/1/2022,116.75,117.260002,112.730003,116.779999,116.779999,122467900
2/2/2022,129.889999,130.059998,120.639999,122.760002,122.760002,180065000
2/3/2022,120.32,125.370003,118.82,120.080002,120.080002,103599500
2/4/2022,120.339996,124.959999,118.580002,123.599998,123.599998,86212000
2/7/2022,123.559998,127.629997,122.790001,123.669998,123.669998,81672500
2/8/2022,122.379997,128.710007,122.050003,128.229996,128.229996,84902800
2/9/2022,129.600006,132.960007,127.650002,132.850006,132.850006,92948900
2/10/2022,128.839996,131.759995,124.610001,125.769997,125.769997,108939900
2/11/2022,126.139999,127.169998,111.809998,113.18,113.18,164723200
2/14/2022,115.510002,118.370003,113.459999,114.269997,114.269997,135146400
2/15/2022,117.190002,121.879997,114.360001,121.470001,121.470001,143975900
2/16/2022,119.050003,119.540001,114.220001,117.690002,117.690002,119109600
2/17/2022,116.260002,116.980003,112.260002,112.370003,112.370003,98179600
2/18/2022,113.900002,115.639999,109.889999,113.830002,113.830002,114321200
2/22/2022,115.269997,119.199997,113.610001,115.650002,115.650002,141648500
2/23/2022,117.400002,118.650002,109.040001,109.760002,109.760002,120299400
2/24/2022,104.559998,116.959999,104.260002,116.610001,116.610001,142956600
2/25/2022,117.160004,121.230003,116.040001,121.059998,121.059998,127821000
2/28/2022,120.309998,124.610001,119.199997,123.339996,123.339996,124666100
3/1/2022,122.330002,122.43,112.800003,113.830002,113.830002,126552200
3/2/2022,115.470001,119.480003,113.309998,118.279999,118.279999,118354500
3/3/2022,118.129997,118.260002,111.050003,111.980003,111.980003,123916700
3/4/2022,112,113,106.809998,108.410004,108.410004,100609400
3/7/2022,108.529999,109.529999,102.82,102.949997,102.949997,92600000
3/8/2022,102.809998,109.900002,100.080002,105.529999,105.529999,135348300
3/9/2022,108.410004,111.709999,106.849998,111.050003,111.050003,102310300
3/10/2022,108.889999,109.07,103.07,106.459999,106.459999,102557400
3/11/2022,108.129997,108.190002,104.080002,104.290001,104.290001,87584400
3/14/2022,102.989998,105.239998,101.040001,102.25,102.25,89731700
3/15/2022,102.660004,109.690002,101.790001,109.330002,109.330002,112425500
3/16/2022,111.599998,115.419998,109.889999,115.370003,115.370003,113689800
3/17/2022,112.139999,114.269997,109.709999,111.690002,111.690002,103201700
3/18/2022,111.279999,114.93,110.550003,113.459999,113.459999,105834800
3/21/2022,113.730003,117.57,112.540001,115.919998,115.919998,101905900
3/22/2022,115.43,117.949997,113.809998,114.779999,114.779999,101672600
3/23/2022,114.290001,117.550003,112.209999,113.919998,113.919998,90579200
3/24/2022,114.959999,120.550003,113.709999,120.529999,120.529999,121961300
3/25/2022,119.919998,121.400002,117.25,119.669998,119.669998,95852400
3/28/2022,117.699997,120.410004,116.709999,120.239998,120.239998,92966100
3/29/2022,122.279999,123.709999,119.589996,123.230003,123.230003,94143000
3/30/2022,123.040001,125.669998,118.589996,119.220001,119.220001,99476900
3/31/2022,116.309998,116.379997,109.019997,109.339996,109.339996,147004800
4/1/2022,110.480003,111.419998,106.099998,108.190002,108.190002,111867100
4/4/2022,109.970001,110.940002,107.029999,110.529999,110.529999,90123900
4/5/2022,109.690002,110.480003,106.050003,106.82,106.82,79532000
4/6/2022,104.449997,105.739998,101.709999,103.669998,103.669998,105256600
4/7/2022,103.919998,105.239998,100.910004,103.720001,103.720001,91895500
4/8/2022,102.510002,102.989998,100.419998,101,101,92746700
4/11/2022,98.599998,98.669998,95.940002,97.370003,97.370003,95527700
4/12/2022,98.779999,99.589996,94.599998,95.099998,95.099998,89246400
4/13/2022,95.300003,98.330002,94.709999,97.739998,97.739998,77728400
4/14/2022,98.370003,98.389999,92.919998,93.059998,93.059998,73354400
4/18/2022,92.029999,95.160004,91.639999,93.889999,93.889999,80605800
4/19/2022,93.389999,97.07,92.839996,96.93,96.93,77069500
4/20/2022,97.839996,97.910004,93.199997,94.019997,94.019997,62489000
4/21/2022,95.160004,96.230003,89.239998,89.849998,89.849998,76680600
4/22/2022,90.029999,91.459999,87.940002,88.139999,88.139999,75017700
4/25/2022,89.860001,91.370003,88.610001,90.690002,90.690002,93481000
4/26/2022,89.739998,90.120003,85.080002,85.160004,85.160004,89127400
4/27/2022,84.25,87.900002,84.019997,84.910004,84.910004,83125100
4/28/2022,86.669998,90.580002,84.779999,89.639999,89.639999,91495400
4/29/2022,88.050003,91.790001,85.379997,85.519997,85.519997,82647700
5/2/2022,85.660004,90.370003,85.32,89.839996,89.839996,98304100
5/3/2022,89.849998,92.209999,89.010002,91.129997,91.129997,126381800
5/4/2022,98.18,99.690002,91.699997,99.419998,99.419998,225394100
5/5/2022,97.650002,97.839996,92.169998,93.870003,93.870003,153129800
5/6/2022,94.339996,98.18,92.650002,95.339996,95.339996,144286600
5/9/2022,92.870003,93.739998,85.379997,86.360001,86.360001,144523700
5/10/2022,89.18,90.769997,85.410004,88.730003,88.730003,137235500
5/11/2022,87.839996,93.459999,86.529999,87.919998,87.919998,136137900
5/12/2022,86.599998,88.550003,83.269997,87.059998,87.059998,129214200
5/13/2022,88.300003,96.57,88.220001,95.120003,95.120003,138068100
5/16/2022,93.860001,98.169998,93.080002,94.239998,94.239998,131065700
5/17/2022,97.879997,103.199997,97.540001,102.470001,102.470001,164227200
5/18/2022,100,104.220001,95.709999,96.279999,96.279999,142603200
5/19/2022,96.690002,100.690002,95.089996,96.669998,96.669998,141506200
5/20/2022,98.389999,98.639999,88.260002,93.5,93.5,164126800
5/23/2022,91.660004,95.190002,90.919998,95.07,95.07,128773000
5/24/2022,92.540001,93.419998,89.620003,91.160004,91.160004,123341400
5/25/2022,90.43,93.889999,89.519997,92.650002,92.650002,111771100
5/26/2022,91.339996,100.330002,90.739998,98.75,98.75,128792700
5/27/2022,100.139999,102.400002,99.379997,102.260002,102.260002,104348400
5/31/2022,102.43,104.550003,100.040001,101.860001,101.860001,125102900
6/1/2022,102.129997,103.57,99.550003,101.220001,101.220001,99351400
6/2/2022,100.779999,109.5,100.779999,108.589996,108.589996,120953800
6/3/2022,105.800003,109.389999,104.650002,106.300003,106.300003,110844700
6/6/2022,108.269997,109.57,104.230003,105.650002,105.650002,96726900
6/7/2022,104.239998,106.239998,102.610001,105.279999,105.279999,79022900
6/8/2022,104.57,105.849998,100.410004,101.900002,101.900002,97641900
6/9/2022,101.57,103.940002,98.739998,98.800003,98.800003,95299000
6/10/2022,98.82,99.93,94.25,94.82,94.82,102135400
6/13/2022,91.260002,92.029999,86.639999,86.989998,86.989998,98148800
6/14/2022,87.410004,88.300003,85.82,86.989998,86.989998,84066600
6/15/2022,87.900002,90.860001,86.190002,89.300003,89.300003,95774800
6/16/2022,86.629997,86.730003,80.639999,82.050003,82.050003,102433300
6/17/2022,82.190002,82.940002,79.43,81.57,81.57,105212300
6/21/2022,84.169998,85.809998,82.599998,83.790001,83.790001,87780600
6/22/2022,84.400002,86.379997,83.300003,83.75,83.75,86634700
6/23/2022,84.32,84.410004,80.230003,82.43,82.43,100614600
6/24/2022,83.559998,87.529999,83.080002,87.080002,87.080002,88553900
6/27/2022,87.360001,88.220001,85.25,86.160004,86.160004,74663500
6/28/2022,85.709999,86.730003,80.43,80.779999,80.779999,95618600
6/29/2022,79.550003,79.75,76.510002,77.989998,77.989998,104140900
6/30/2022,77.730003,78.910004,75.480003,76.470001,76.470001,105368600
7/1/2022,75.190002,75.449997,72.690002,73.669998,73.669998,87734200
7/5/2022,71.980003,75.209999,71.599998,75.199997,75.199997,95589000
7/6/2022,75.169998,76.279999,73.550003,75.349998,75.349998,85458900
7/7/2022,77.190002,79.989998,76.900002,79.300003,79.300003,83640900
7/8/2022,78.309998,80.470001,77.400002,79.349998,79.349998,83405900
7/11/2022,77.849998,78.290001,75.839996,76.949997,76.949997,76150300
7/12/2022,76.980003,77.440002,74.43,76.360001,76.360001,77873200
7/13/2022,74.940002,79.110001,74.480003,77.519997,77.519997,79355000
7/14/2022,78.230003,79.25,76,78.599998,78.599998,83493600
7/15/2022,79.360001,81.199997,77.900002,81.110001,81.110001,76050600
7/18/2022,82.209999,84.470001,80.940002,81.43,81.43,90464300
7/19/2022,82.760002,86.410004,82.190002,85.879997,85.879997,85047500
7/20/2022,85.389999,89.919998,85.080002,89.43,89.43,88348600
7/21/2022,89.599998,91.580002,88.220001,91.089996,91.089996,90449300
7/22/2022,90.199997,90.690002,87.040001,88.099998,88.099998,76989700
7/25/2022,86.57,87.599998,85.120003,87.540001,87.540001,70083000
7/26/2022,87,87.75,84.709999,85.25,85.25,69180400
7/27/2022,86.940002,90.620003,86.290001,89.82,89.82,78301600
7/28/2022,90.419998,92.220001,88.589996,91.669998,91.669998,79009200
7/29/2022,90.699997,94.809998,90.559998,94.470001,94.470001,76630700
8/1/2022,95.589996,98.389999,93.959999,96.779999,96.779999,96477500
8/2/2022,95.709999,100.919998,95.360001,99.290001,99.290001,116734100
8/3/2022,94.830002,98.769997,93.620003,98.089996,98.089996,131142000
8/4/2022,97.5,104.589996,97.260002,103.910004,103.910004,125855800
8/5/2022,101.050003,103.860001,100.980003,102.309998,102.309998,93859900
8/8/2022,100.059998,101.800003,97.989998,100.07,100.07,92606800
8/9/2022,97.949997,98.050003,93.669998,95.540001,95.540001,89473700
8/10/2022,98.449997,99.349998,95.610001,99.050003,99.050003,83416100
8/11/2022,99.93,102.370003,98,98.120003,98.120003,77516900
8/12/2022,99.199997,101.400002,98.480003,100.830002,100.830002,72316300
8/15/2022,100.510002,101.849998,99.800003,101.010002,101.010002,61327100
8/16/2022,100.839996,101.449997,98.32,100.199997,100.199997,60220700
8/17/2022,99.260002,99.639999,96.730003,98.269997,98.269997,63735600
8/18/2022,97.739998,101.07,96.730003,100.440002,100.440002,76059500
8/19/2022,98.669998,99.25,94.589996,95.949997,95.949997,67221700
8/22/2022,94.400002,95.019997,92.360001,92.839996,92.839996,61837300
8/23/2022,92.389999,94.440002,92.110001,92.489998,92.489998,52927000
8/24/2022,92.209999,93.379997,90.900002,92.730003,92.730003,56520400
8/25/2022,93.139999,97.57,93.139999,97.18,97.18,61016200
8/26/2022,96.290001,97.599998,91.120003,91.18,91.18,65552500
8/29/2022,90.050003,91.190002,88.260002,88.489998,88.489998,61142500
8/30/2022,90.059998,90.150002,85.339996,86.940002,86.940002,69087100
8/31/2022,86.279999,86.720001,83.720001,84.870003,84.870003,64991700
9/1/2022,82.349998,82.760002,78.519997,82.330002,82.330002,94854700
9/2/2022,83.32,83.650002,79.809998,80.239998,80.239998,84924400
9/6/2022,80.410004,80.889999,78.370003,78.720001,78.720001,68727300
9/7/2022,79.239998,80.25,77.739998,79.610001,79.610001,67891200
9/8/2022,80.029999,83.449997,79.239998,82.779999,82.779999,89089300
9/9/2022,84.029999,85.68,83.839996,85.449997,85.449997,68907700
9/12/2022,84.889999,85.349998,83.459999,84.639999,84.639999,71922500
9/13/2022,80.959999,81.470001,76.800003,77.029999,77.029999,80921200
9/14/2022,77.099998,78.080002,75.870003,77.449997,77.449997,71483000
9/15/2022,76.639999,77.970001,74.910004,76.660004,76.660004,81818000
9/16/2022,75.620003,76.82,74.68,76.510002,76.510002,75300200
9/19/2022,75.389999,77.339996,75.349998,76.769997,76.769997,64966900
9/20/2022,76.080002,76.580002,74.730003,75.25,75.25,51129100
9/21/2022,75.440002,78.410004,74.449997,74.480003,74.480003,82069700
9/22/2022,73.889999,74.290001,69.169998,69.5,69.5,101436900
9/23/2022,68,69.080002,66.82,67.959999,67.959999,87690000
9/26/2022,67.870003,68.739998,66.25,66.300003,66.300003,82898700
9/27/2022,67.900002,68.779999,66,67.169998,67.169998,94871800
9/28/2022,67.110001,68.800003,66.559998,68.360001,68.360001,72389500
9/29/2022,67.150002,67.199997,62.830002,64.139999,64.139999,102552400
9/30/2022,63.619999,65.910004,63.34,63.360001,63.360001,81664100
10/3/2022,64.459999,66.910004,63.389999,66.110001,66.110001,83841600
10/4/2022,68.269997,69.18,67.330002,67.900002,67.900002,77160500
10/5/2022,66.589996,68.690002,64.519997,67.940002,67.940002,87127400
10/6/2022,67.82,70.290001,67.660004,67.849998,67.849998,98325900
10/7/2022,64.010002,64.029999,58.220001,58.439999,58.439999,163786300
10/10/2022,57.310001,58.790001,56.299999,57.810001,57.810001,112241800
10/11/2022,57.209999,58.919998,56.049999,57.630001,57.630001,114054800
10/12/2022,57.450001,58.32,56.32,57.849998,57.849998,89264200
10/13/2022,55.52,60.139999,54.57,58.939999,58.939999,131159800
10/14/2022,59.599998,59.939999,55.84,55.939999,55.939999,96959300
10/17/2022,57.349998,58.509998,57.099998,57.959999,57.959999,76977600
10/18/2022,59.91,60.490002,56.400002,57.919998,57.919998,103064500
10/19/2022,57.330002,59.040001,56.57,57.23,57.23,75704800
10/20/2022,57.470001,60.200001,57.400002,57.77,57.77,79552600
10/21/2022,57.220001,58.91,55.709999,58.82,58.82,95366400
10/24/2022,58.57,59,56.66,58.700001,58.700001,76305400
10/25/2022,58.77,61.98,58.689999,61.470001,61.470001,85501900
10/26/2022,59.689999,61.77,59.150002,59.73,59.73,79761600
10/27/2022,61.599998,62.720001,58.509998,58.599998,58.599998,83871400
10/28/2022,59.099998,62.349998,58.919998,62.009998,62.009998,78198600
10/31/2022,60.75,61.860001,59.529999,60.060001,60.060001,73274100
11/1/2022,61.490002,61.990002,59.43,59.66,59.66,83806700
11/2/2022,63,63.93,58.57,58.630001,58.630001,142669400
11/3/2022,58.110001,62.279999,58.029999,60.110001,60.110001,95279900
11/4/2022,62.5,63,60.529999,62.189999,62.189999,84791300
11/7/2022,62.93,63.529999,61.400002,63.080002,63.080002,62722500
11/8/2022,64.089996,64.959999,62.369999,63.849998,63.849998,75938000
11/9/2022,62.279999,63.049999,59.799999,59.919998,59.919998,62940300
11/10/2022,64.300003,68.800003,63.619999,68.470001,68.470001,107996300
11/11/2022,69.580002,73.32,68.290001,72.370003,72.370003,111709500
11/14/2022,75.220001,75.25,72.669998,73.529999,73.529999,108892800
11/15/2022,77.260002,79.160004,75.389999,76.370003,76.370003,108946300
11/16/2022,73.660004,74.830002,71.93,72.699997,72.699997,79968000
11/17/2022,70.559998,74.379997,70.160004,73.900002,73.900002,82320800
11/18/2022,75.07,75.349998,72.18,73.57,73.57,73223200
11/21/2022,72.209999,72.980003,71.57,72.459999,72.459999,51536300
11/22/2022,72.720001,75.330002,72.110001,75.25,75.25,55450200
11/23/2022,75.489998,78.220001,75.300003,76.400002,76.400002,81623600
11/25/2022,75.669998,76.040001,74.75,75.139999,75.139999,26018900
11/28/2022,73.809998,75.470001,72.57,73.190002,73.190002,45383800
11/29/2022,73.620003,74.489998,72.779999,73.389999,73.389999,51846400
11/30/2022,73.379997,77.699997,72.809998,77.629997,77.629997,88468400
12/1/2022,78.309998,79.230003,76.440002,77.480003,77.480003,59833400
12/2/2022,75.050003,76.279999,73.650002,74.980003,74.980003,64377200
12/5/2022,74.540001,75.169998,72.82,73.620003,73.620003,47022200
12/6/2022,73.080002,73.389999,69.400002,70.269997,70.269997,64965200
12/7/2022,69.529999,71.370003,69.279999,70.139999,70.139999,59180100
12/8/2022,70.139999,71.220001,69,70.470001,70.470001,56734100
12/9/2022,69.489998,70.669998,68.519997,68.589996,68.589996,59058300
12/12/2022,68.540001,70.669998,67.529999,70.669998,70.669998,60968300
12/13/2022,74.870003,75.209999,70.660004,71.650002,71.650002,72458000
12/14/2022,70.93,72,68.32,68.93,68.93,67278000
12/15/2022,67.599998,68.209999,66.120003,66.529999,66.529999,58557000
12/16/2022,66.25,67.190002,64.800003,65.410004,65.410004,62438600
12/19/2022,65.120003,65.589996,63.709999,64.589996,64.589996,46246900
12/20/2022,63.759998,66.059998,63.52,65.050003,65.050003,52431300
12/21/2022,65.43,67.849998,65.209999,67.68,67.68,44167600
12/22/2022,66.080002,66.309998,62.259998,63.860001,63.860001,73917700
12/23/2022,63.110001,64.660004,62.720001,64.519997,64.519997,45923000
12/27/2022,63.869999,64.279999,62.970001,63.27,63.27,36086000
12/28/2022,62.540001,63.540001,61.959999,62.57,62.57,39526500
12/29/2022,63.639999,65.18,63.060001,64.82,64.82,41428500
12/30/2022,63.77,64.82,63.139999,64.769997,64.769997,37127000
1/3/2023,66,66.879997,63.59,64.019997,64.019997,46851800
1/4/2023,65,65.790001,63.310001,64.660004,64.660004,47477100
1/5/2023,64.150002,64.349998,62.299999,62.330002,62.330002,46159500
1/6/2023,63.150002,64.300003,60.049999,63.959999,63.959999,70161300
1/9/2023,66.220001,69.32,65.669998,67.239998,67.239998,69741300
1/10/2023,66.669998,68.150002,66.559998,68.050003,68.050003,41149600
1/11/2023,68.389999,69.129997,67.220001,69.059998,69.059998,44470100
1/12/2023,70.07,71.650002,67.18,70.800003,70.800003,70066200
1/13/2023,69.839996,71.099998,69.230003,71,71,45757400
1/17/2023,70.870003,72.660004,70.650002,71.589996,71.589996,42621300
1/18/2023,71.870003,72.779999,70.5,70.529999,70.529999,39538700
1/19/2023,68.970001,69.25,67.269997,67.709999,67.709999,47189900
1/20/2023,68.010002,70.129997,67.449997,70.07,70.07,47757600
1/23/2023,72.220001,76.589996,71.540001,76.529999,76.529999,84293200
1/24/2023,73.75,75.639999,73.419998,74.699997,74.699997,60822600
1/25/2023,72.900002,75.120003,72.089996,74.910004,74.910004,49932600
1/26/2023,76.5,77.080002,74.279999,75.160004,75.160004,49583900
1/27/2023,73.699997,76.739998,73.489998,75.400002,75.400002,58118600
1/30/2023,74.230003,74.639999,72.400002,72.449997,72.449997,48105200
1/31/2023,72.260002,75.199997,72.029999,75.150002,75.150002,71669100
2/1/2023,78.470001,85.480003,77.879997,84.639999,84.639999,152548200
2/2/2023,84.290001,88.940002,83.199997,88.309998,88.309998,97762100
2/3/2023,86.660004,88.800003,85.830002,86.089996,86.089996,66557800
2/6/2023,84.629997,86.279999,83.220001,83.68,83.68,53008900
2/7/2023,84.32,86.25,82.519997,85.910004,85.910004,65291900
2/8/2023,85.879997,88,84.540001,84.690002,84.690002,54140400
2/9/2023,85.879997,86.669998,82.760002,83.209999,83.209999,46525400
2/10/2023,82.290001,82.709999,80.470001,81.480003,81.480003,49332600
2/13/2023,81.57,84.150002,80.900002,83.129997,83.129997,45400000
2/14/2023,82.699997,86.190002,81.769997,85.949997,85.949997,55979700
2/15/2023,85.099998,85.889999,83.32,85.18,85.18,46430200
2/16/2023,82.980003,83.349998,80.050003,80.080002,80.080002,57755200
2/17/2023,79.599998,79.650002,77.370003,78.5,78.5,47826600
2/21/2023,77.150002,78.459999,76.449997,76.769997,76.769997,44045600
2/22/2023,76.93,78.129997,75.919998,76.610001,76.610001,50286800
2/23/2023,80.629997,81.790001,77.970001,79.75,79.75,76391300
2/24/2023,77.75,78.809998,76.940002,78.089996,78.089996,46700000
2/27/2023,79.639999,80.120003,78.529999,78.769997,78.769997,45617300
2/28/2023,77.870003,80.139999,77.419998,78.580002,78.580002,44220100
3/1/2023,78.550003,80.290001,77.879997,78.290001,78.290001,44266000
3/2/2023,77.57,80.919998,76.650002,80.440002,80.440002,60108600
3/3/2023,80.400002,81.629997,79.339996,81.519997,81.519997,54536200
3/6/2023,82.029999,83.300003,81.040001,81.160004,81.160004,54541300
3/7/2023,81.07,84.849998,80.669998,82.110001,82.110001,70959000
3/8/2023,82.790001,85.769997,82.279999,85.370003,85.370003,69529800
3/9/2023,85.290001,87.809998,83.589996,84.029999,84.029999,79496700
3/10/2023,84.470001,85.449997,81.629997,82.669998,82.669998,70273600
3/13/2023,81.389999,83.830002,78.519997,82.010002,82.010002,65269100
3/14/2023,83.669998,88.300003,83.589996,87.449997,87.449997,66616300
3/15/2023,86.769997,90.419998,86.220001,89.68,89.68,86177400
3/16/2023,89.720001,96.690002,89.019997,96.599998,96.599998,115839200
3/17/2023,96.660004,98.75,95.940002,97.839996,97.839996,94080800
3/20/2023,96.300003,96.940002,92.900002,96.809998,96.809998,92008900
3/21/2023,97,99.459999,93.639999,95.93,95.93,85285300
3/22/2023,95.650002,101.699997,95.639999,97.580002,97.580002,110816300
3/23/2023,100.050003,102.43,98.669998,100.279999,100.279999,84088900
3/24/2023,99.18,99.519997,96.739998,97.949997,97.949997,64712400
3/27/2023,98.019997,98.93,95.43,96.610001,96.610001,57461400
3/28/2023,96.769997,96.940002,92.870003,94.559998,94.559998,59150100
3/29/2023,96.07,96.910004,94.870003,96.089996,96.089996,55326000
3/30/2023,98,99.529999,97.25,97.879997,97.879997,59678500
3/31/2023,96.339996,98.360001,95.269997,98.010002,98.010002,55861100
4/3/2023,96.699997,96.790001,94.809998,96.559998,96.559998,50655300
4/4/2023,97.040001,97.269997,95.209999,95.870003,95.870003,43195900
4/5/2023,94.349998,94.5,91.360001,92.559998,92.559998,52979300
4/6/2023,91.470001,92.910004,90.620003,92.470001,92.470001,47778400
4/10/2023,91.32,95.800003,91.019997,95.480003,95.480003,52536300
4/11/2023,96.059998,96.07,92.690002,94.029999,94.029999,51935800
4/12/2023,94.970001,95,91.739998,92.330002,92.330002,53383100
4/13/2023,92.790001,93.160004,91.830002,92.089996,92.089996,40572500
4/14/2023,91.82,92.970001,90.5,91.75,91.75,38734800
4/17/2023,90.230003,90.690002,88.300003,89.870003,89.870003,47250800
4/18/2023,91.610001,92.160004,89.330002,89.779999,89.779999,46246300
4/19/2023,88.510002,90.540001,88.220001,89.940002,89.940002,37344500
4/20/2023,88.830002,91.580002,88.730003,90.110001,90.110001,47082700
4/21/2023,89.800003,89.800003,88.059998,88.43,88.43,41118300
4/24/2023,88.110001,88.639999,86.339996,87.57,87.57,40423800
4/25/2023,86.900002,87.059998,83.760002,83.800003,83.800003,52771500
4/26/2023,86.510002,87.349998,85.32,85.940002,85.940002,47786600
4/27/2023,86.410004,87.57,84.089996,87.440002,87.440002,53087200
4/28/2023,87.019997,89.75,86.440002,89.370003,89.370003,50652100
5/1/2023,91.029999,91.040001,88.610001,89.690002,89.690002,59358700
5/2/2023,89.32,90.459999,88.120003,89.910004,89.910004,70483500
5/3/2023,83.540001,85.480003,81.019997,81.620003,81.620003,109482200
5/4/2023,81.57,91.639999,81.110001,86.610001,86.610001,122840500
5/5/2023,84.989998,90.43,84.720001,89.839996,89.839996,78407400
5/8/2023,89.989998,95.660004,89.169998,95.040001,95.040001,95503200
5/9/2023,94.889999,96.160004,93.43,95.059998,95.059998,68674800
5/10/2023,96.419998,99.940002,96.120003,97.019997,97.019997,95619500
5/11/2023,98.160004,99.190002,96.139999,97.099998,97.099998,57061000
5/12/2023,96.830002,97.449997,93.68,95.260002,95.260002,53790400
5/15/2023,95.199997,97.43,93.449997,97.400002,97.400002,51749200
5/16/2023,97.389999,103.279999,97.309998,101.480003,101.480003,90622900
5/17/2023,101.790001,104.139999,100.050003,103.75,103.75,75240900
5/18/2023,103.980003,108.099998,103.93,107.93,107.93,74338700
5/19/2023,106.360001,107.290001,104.620003,105.82,105.82,67830600
5/22/2023,104.68,108.790001,103.489998,108,108,65424200
5/23/2023,107.25,110.989998,107.190002,108.120003,108.120003,73099100
5/24/2023,105.980003,108.910004,105.639999,108.269997,108.269997,65910500
5/25/2023,117.309998,120.690002,115.800003,120.349998,120.349998,108514700
5/26/2023,122.459999,127.43,120.889999,127.029999,127.029999,92922800
5/30/2023,130.419998,130.789993,123.510002,125.269997,125.269997,98902300
5/31/2023,122.419998,123.959999,117.860001,118.209999,118.209999,87552200
6/1/2023,117.290001,121.279999,116.599998,119.470001,119.470001,66032900
6/2/2023,120.75,121.660004,117.68,117.860001,117.860001,52331100
6/5/2023,116.589996,119.32,116.419998,117.93,117.93,52602900
6/6/2023,117.910004,124.419998,117.739998,124.230003,124.230003,75257500
6/7/2023,124.029999,125.339996,117.07,117.830002,117.830002,81755200
6/8/2023,118.300003,122.209999,117.050003,121.050003,121.050003,65246900
6/9/2023,123.57,127.25,123.550003,124.919998,124.919998,75051600
6/12/2023,128.520004,130.479996,126.400002,129.190002,129.190002,85394700
6/13/2023,132.320007,132.830002,122.449997,124.529999,124.529999,132461900
6/14/2023,126.529999,127.730003,123.809998,127.330002,127.330002,95888100
6/15/2023,125.389999,125.699997,122.260002,124.239998,124.239998,85587100
6/16/2023,125.82,125.849998,119.900002,120.080002,120.080002,81846900
6/20/2023,119.089996,121.75,117.699997,118.93,118.93,58851800
6/21/2023,118.489998,119.190002,111.669998,112.110001,112.110001,82835600
6/22/2023,112.239998,114,109.849998,110.699997,110.699997,70754800
6/23/2023,109.309998,111.099998,107.459999,110.010002,110.010002,73545600
6/26/2023,110.949997,112.550003,107.199997,107.510002,107.510002,68557000
6/27/2023,108.57,110.970001,107.080002,110.389999,110.389999,59381600
6/28/2023,108.209999,111.779999,107.629997,110.169998,110.169998,67534100
6/29/2023,112.07,112.760002,109.839996,111.239998,111.239998,58347200
6/30/2023,113.029999,114.690002,112.410004,113.910004,113.910004,53331900
7/3/2023,115.160004,116.730003,114.510002,115.82,115.82,31860000
7/5/2023,116.099998,117.660004,113.860001,113.949997,113.949997,49501600
7/6/2023,112.07,113.790001,110.309998,113.480003,113.480003,42342000
7/7/2023,114.160004,115.330002,113.040001,113.169998,113.169998,37135100
7/10/2023,113,113.610001,109.879997,113.580002,113.580002,49330200
7/11/2023,111.660004,113.269997,109.5,111.32,111.32,59899500
7/12/2023,112.889999,115.400002,112.309998,114.580002,114.580002,57993100
7/13/2023,115.760002,116.160004,113.580002,115.919998,115.919998,49206700
7/14/2023,116.169998,122.120003,115.25,115.940002,115.940002,91847300
7/17/2023,115.949997,118.839996,112.730003,118.32,118.32,68593300
7/18/2023,117.550003,118.43,115.190002,117.93,117.93,57980100
7/19/2023,121.300003,121.669998,115.550003,116.43,116.43,70363100
7/20/2023,114.959999,115.050003,109.239998,110.25,110.25,76340400
7/21/2023,110.970001,112.300003,109.540001,110.949997,110.949997,76778100
7/24/2023,110.620003,111.309998,108.550003,110.610001,110.610001,45583600
7/25/2023,111.139999,114.050003,111,113,113,44916300
7/26/2023,111.910004,112.360001,109.300003,110.089996,110.089996,51721700
7/27/2023,111.790001,115.080002,110.510002,111.099998,111.099998,70678000
7/28/2023,113.379997,114.860001,112.440002,112.959999,112.959999,55526000
7/31/2023,114.160004,114.68,112.349998,114.400002,114.400002,54187300
8/1/2023,114.260002,118.190002,113.160004,117.599998,117.599998,95279300
8/2/2023,119.489998,119.5,107.379997,109.349998,109.349998,173372000
8/3/2023,108.949997,114.959999,108.949997,113.150002,113.150002,90605400
8/4/2023,114.480003,118.849998,113.959999,115.82,115.82,83083100
8/7/2023,116.360001,119.080002,115.489998,116.809998,116.809998,65854800
8/8/2023,114.940002,115.459999,111.410004,113.230003,113.230003,54141800
8/9/2023,112.889999,113.150002,108.779999,110.470001,110.470001,56257100
8/10/2023,111.300003,113.889999,109.470001,110.230003,110.230003,57297800
8/11/2023,108.849998,109.07,106.480003,107.57,107.57,55618700
8/14/2023,106.75,111.989998,105.419998,111.980003,111.980003,57421800
8/15/2023,111.989998,113.18,110.169998,111.349998,111.349998,53816600
8/16/2023,110.089996,110.440002,106.980003,107.190002,107.190002,54327300
8/17/2023,107.620003,107.849998,104.099998,104.440002,104.440002,59064300
8/18/2023,102.400002,106.07,101.68,105.449997,105.449997,59884300
8/21/2023,106.199997,108.540001,105.669998,108.220001,108.220001,49319200
8/22/2023,109.400002,109.720001,104.849998,105.660004,105.660004,47335100
8/23/2023,105.650002,110.080002,105,109.43,109.43,54656300
8/24/2023,111.059998,111.639999,100.870003,101.800003,101.800003,109179100
8/25/2023,101.169998,104.120003,99.580002,102.25,102.25,74793100
8/28/2023,103.470001,104.07,100.889999,102.610001,102.610001,55386800
8/29/2023,102.110001,106.57,101.790001,105.919998,105.919998,50850300
8/30/2023,105.400002,107.669998,104.5,106.589996,106.589996,54847300
8/31/2023,106.190002,108.059998,104.860001,105.720001,105.720001,58919000
9/1/2023,107,110.059998,106.610001,109.449997,109.449997,54808900
9/5/2023,109,111.82,106.300003,110.779999,110.779999,66042200
9/6/2023,110.559998,111.330002,108.220001,109.279999,109.279999,47736700
9/7/2023,106.139999,107.690002,105.089996,106.589996,106.589996,49080100
9/8/2023,107.019997,109.739998,105.75,106.089996,106.089996,46232000
9/11/2023,107.32,107.510002,103,105.32,105.32,50611300
9/12/2023,104.199997,106.739998,103.18,105.309998,105.309998,44413600
9/13/2023,105.099998,108.739998,104.830002,107.709999,107.709999,44702300
9/14/2023,108.43,109.150002,106.220001,106.629997,106.629997,45920600
9/15/2023,106.07,106.760002,101.279999,101.489998,101.489998,71017600
9/18/2023,100.82,102.989998,99.449997,102.370003,102.370003,49061300
9/19/2023,101.75,102.860001,100.699997,101.610001,101.610001,41704100
9/20/2023,102.360001,103.940002,100.279999,100.339996,100.339996,55180600
9/21/2023,98.599998,98.870003,95.839996,96.110001,96.110001,59628600
9/22/2023,96.919998,98.419998,95.610001,96.199997,96.199997,52169400
9/25/2023,95.949997,97.449997,94.459999,97.379997,97.379997,43223700
9/26/2023,96.5,97.830002,95.269997,95.959999,95.959999,42866500
9/27/2023,96.82,99.230003,96.349998,98.07,98.07,51261500
9/28/2023,97.940002,104.199997,97.760002,102.760002,102.760002,72542100
9/29/2023,104.690002,104.940002,102.559998,102.82,102.82,56027300
10/2/2023,102.209999,103.709999,101.699997,103.269997,103.269997,45118600
10/3/2023,101.800003,103.290001,99.169998,100.080002,100.080002,48117000
10/4/2023,100.650002,104.400002,100.339996,104.07,104.07,51023200
10/5/2023,103.410004,103.739998,100.269997,102.910004,102.910004,51789700
10/6/2023,102.160004,107.870003,102.029999,107.239998,107.239998,64807500
10/9/2023,106.010002,107.309998,104.790001,106.970001,106.970001,39593200
10/10/2023,107.489998,110.120003,106.400002,109.010002,109.010002,57105500
10/11/2023,109.139999,110.099998,106.93,108.309998,108.309998,51085600
10/12/2023,108.400002,111.309998,107.510002,108.790001,108.790001,60959400
10/13/2023,108.650002,108.970001,104.75,105.089996,105.089996,52881500
10/16/2023,105.419998,107.480003,105.029999,106.459999,106.459999,42464500
10/17/2023,103.540001,106.290001,101.660004,105.139999,105.139999,49642100
10/18/2023,103.379997,104.779999,101.739998,102.169998,102.169998,50450000
10/19/2023,103.809998,105.599998,101.839996,102.400002,102.400002,52734200
10/20/2023,102.279999,104.339996,101.440002,101.809998,101.809998,61285600
10/23/2023,100.809998,102.419998,99.32,100.010002,100.010002,50817400
10/24/2023,100.970001,101.790001,99.379997,101.669998,101.669998,51982900
